Seed,Trait,Model,Predictive_ability,Prediction_accuracy
123,DTA,GCA,0.290496012886341,0.308709896797387
123,DTA,GCA_SCA,0.294267689477175,0.312386082247532
124,DTA,GCA,0.426669483803871,0.453421343043433
124,DTA,GCA_SCA,0.432507511330847,0.459137485489221
125,DTA,GCA,0.0566442730351861,0.0601958268174135
125,DTA,GCA_SCA,0.0579609878896686,0.0615297111355293
126,DTA,GCA,0.240026656586233,0.255076149400886
126,DTA,GCA_SCA,0.243180396170436,0.258153286805134
127,DTA,GCA,0.223805321595963,0.237837748773606
127,DTA,GCA_SCA,0.231176602417503,0.245410405963379
128,DTA,GCA,0.414349426305973,0.440328827105178
128,DTA,GCA_SCA,0.414014599968742,0.439505944765119
129,DTA,GCA,0.203736777773752,0.21651092218252
129,DTA,GCA_SCA,0.205379715664735,0.218025175864899
130,DTA,GCA,0.231451201189153,0.245963019329599
130,DTA,GCA_SCA,0.232221753403623,0.246519908071787
131,DTA,GCA,0.455877885649924,0.484461089957411
131,DTA,GCA_SCA,0.457404288955872,0.485567185728102
132,DTA,GCA,0.335190003566657,0.356206167445969
132,DTA,GCA_SCA,0.338307206006208,0.359137161365401
133,DTA,GCA,0.302872976689965,0.321862887024404
133,DTA,GCA_SCA,0.307010625240535,0.325913614905026
134,DTA,GCA,0.389723800461943,0.414159192839472
134,DTA,GCA_SCA,0.38743043937495,0.411284967489331
135,DTA,GCA,0.402062260367179,0.427271265002315
135,DTA,GCA_SCA,0.405787621108299,0.430772421558704
136,DTA,GCA,0.369136641791486,0.392281234634948
136,DTA,GCA_SCA,0.367304608020779,0.389919966051782
137,DTA,GCA,0.172123832493166,0.18291586874938
137,DTA,GCA_SCA,0.178984862818448,0.190005162227652
138,DTA,GCA,0.459635769674211,0.488454590514571
138,DTA,GCA_SCA,0.464312876679093,0.492901142971436
139,DTA,GCA,0.294070685278835,0.312508698489729
139,DTA,GCA_SCA,0.287044920246495,0.304718598987787
140,DTA,GCA,0.299062573844329,0.317813574754866
140,DTA,GCA_SCA,0.298557303457865,0.316939812587967
141,DTA,GCA,0.212095103005804,0.225393308188952
141,DTA,GCA_SCA,0.21582425943548,0.229112801948492
142,DTA,GCA,0.220018184299318,0.233813160785673
142,DTA,GCA_SCA,0.225132970081277,0.238994660383521
143,DTA,GCA,0.351120904443907,0.373135923957393
143,DTA,GCA_SCA,0.358355117734148,0.380419445577652
144,DTA,GCA,0.256274393280092,0.272342607098929
144,DTA,GCA_SCA,0.257071166475592,0.272899327468782
145,DTA,GCA,0.313057666343708,0.332686149143155
145,DTA,GCA_SCA,0.316493807265908,0.335980687118799
146,DTA,GCA,0.418887594380417,0.445151534941995
146,DTA,GCA_SCA,0.420953273222634,0.446871839939102
147,DTA,GCA,0.297464781898508,0.316115602442623
147,DTA,GCA_SCA,0.303198347833654,0.32186661128838
148,DTA,GCA,0.19866415373132,0.2111202483861
148,DTA,GCA_SCA,0.197796649128426,0.209975211388988
149,DTA,GCA,0.215974481215731,0.229515920526812
149,DTA,GCA_SCA,0.220190714099098,0.23374810413917
150,DTA,GCA,0.548732498899107,0.583137618383749
150,DTA,GCA_SCA,0.548583537598752,0.582360443310777
151,DTA,GCA,0.169824492776646,0.180472362143088
151,DTA,GCA_SCA,0.17528526514201,0.186077776159246
152,DTA,GCA,0.339421730569156,0.360703220583588
152,DTA,GCA_SCA,0.343350512075944,0.364490989464909
153,DTA,GCA,0.317899053674938,0.337831087858595
153,DTA,GCA_SCA,0.325735868015814,0.345791791948847
154,DTA,GCA,0.392108064638151,0.416692948605899
154,DTA,GCA_SCA,0.395083449109756,0.419409181645177
155,DTA,GCA,0.415785690432668,0.441855143924195
155,DTA,GCA_SCA,0.417191445628912,0.44287839238738
156,DTA,GCA,0.538152861852758,0.571894645964674
156,DTA,GCA_SCA,0.536202692420828,0.569217295563512
157,DTA,GCA,0.211177701329244,0.224418386109717
157,DTA,GCA_SCA,0.207436200401364,0.220208280680853
158,DTA,GCA,0.2759684494355,0.29327146592508
158,DTA,GCA_SCA,0.273447542462701,0.290284015353186
159,DTA,GCA,0.362072408730422,0.384774079415964
159,DTA,GCA_SCA,0.363750517829904,0.386147046528561
160,DTA,GCA,0.326531141600689,0.347004401275971
160,DTA,GCA_SCA,0.325350488517478,0.345382684201145
161,DTA,GCA,0.300964846986673,0.319835119008154
161,DTA,GCA_SCA,0.309491273787291,0.328546999774194
162,DTA,GCA,0.205692244917852,0.218588995661905
162,DTA,GCA_SCA,0.206831318389781,0.219566155403165
163,DTA,GCA,0.378910267251844,0.402667659141173
163,DTA,GCA_SCA,0.387577089803937,0.411440647350252
164,DTA,GCA,0.36923705514229,0.392387943828151
164,DTA,GCA_SCA,0.361493665862693,0.383751237646171
165,DTA,GCA,0.312593746112385,0.332193141458432
165,DTA,GCA_SCA,0.310915804959939,0.330059240934118
166,DTA,GCA,0.398062766843699,0.423021006210095
166,DTA,GCA_SCA,0.395760585224228,0.420128009792174
167,DTA,GCA,0.379033581224971,0.402798704808683
167,DTA,GCA_SCA,0.380685135268042,0.404124347418303
168,DTA,GCA,0.309376900359986,0.328774601870336
168,DTA,GCA_SCA,0.317366634913752,0.336907255747083
169,DTA,GCA,0.428121591769045,0.454964497097816
169,DTA,GCA_SCA,0.425306235877807,0.451492819403192
170,DTA,GCA,0.353255462735956,0.375404317466478
170,DTA,GCA_SCA,0.343091660463703,0.364216200067626
171,DTA,GCA,0.508977204985256,0.540889697115043
171,DTA,GCA_SCA,0.515769873062506,0.547526404524953
172,DTA,GCA,0.285961333676097,0.303890896573961
172,DTA,GCA_SCA,0.283983590864335,0.301468780110759
173,DTA,GCA,0.29858521076881,0.317306281369617
173,DTA,GCA_SCA,0.301019468903247,0.319553576330411
174,DTA,GCA,0.470727974153074,0.500242267962884
174,DTA,GCA_SCA,0.469314865103138,0.498211109451315
175,DTA,GCA,0.324731189979716,0.345091594027329
175,DTA,GCA_SCA,0.325853748357182,0.345916930315479
176,DTA,GCA,0.400311704964656,0.425410951078274
176,DTA,GCA_SCA,0.398146148793235,0.422660455194517
177,DTA,GCA,0.261609953085532,0.278012702535103
177,DTA,GCA_SCA,0.258539394381109,0.274457955818588
178,DTA,GCA,0.355856334421743,0.378168261872203
178,DTA,GCA_SCA,0.355046895099664,0.376907531952934
179,DTA,GCA,0.20500799555569,0.217861844373741
179,DTA,GCA_SCA,0.208008787502799,0.220816122614437
180,DTA,GCA,0.290787567199508,0.309019731349105
180,DTA,GCA_SCA,0.300568647557398,0.319074997407004
181,DTA,GCA,0.404619400992885,0.429988736443023
181,DTA,GCA_SCA,0.400972749138826,0.425661092504061
182,DTA,GCA,0.364880470306836,0.387758204364332
182,DTA,GCA_SCA,0.365109232742918,0.387589419047684
183,DTA,GCA,0.406652917793919,0.432149753234771
183,DTA,GCA_SCA,0.408840970432364,0.43401376903648
184,DTA,GCA,0.365881445729646,0.388821940201537
184,DTA,GCA_SCA,0.37583190188377,0.398972294993386
185,DTA,GCA,0.433217389750757,0.460379797822271
185,DTA,GCA_SCA,0.440528875592045,0.467652734174146
186,DTA,GCA,0.217567933699428,0.231209281295886
186,DTA,GCA_SCA,0.217844385619697,0.23125730957505
187,DTA,GCA,0.258183321070416,0.274371223241675
187,DTA,GCA_SCA,0.253747295366552,0.269370801875321
188,DTA,GCA,0.47168761155093,0.501262073911721
188,DTA,GCA_SCA,0.470266518012473,0.499221356701139
189,DTA,GCA,0.266542312709177,0.28325431743802
189,DTA,GCA_SCA,0.266489174083579,0.282897212402951
190,DTA,GCA,0.449283954529495,0.477453724260887
190,DTA,GCA_SCA,0.450751487025083,0.478504763296266
191,DTA,GCA,0.331406017562866,0.352184928334608
191,DTA,GCA_SCA,0.328927140394289,0.349179554558693
192,DTA,GCA,0.349472517869668,0.371384184771167
192,DTA,GCA_SCA,0.353304601725622,0.37505796361531
193,DTA,GCA,0.196841082442507,0.209182871883642
193,DTA,GCA_SCA,0.192120834038794,0.203949929977488
194,DTA,GCA,0.353199955232679,0.375345329684038
194,DTA,GCA_SCA,0.353807663979887,0.375591999978649
195,DTA,GCA,0.2610510871224,0.277418796091817
195,DTA,GCA_SCA,0.268957782804025,0.285517816140154
196,DTA,GCA,0.455266592035802,0.483811468688419
196,DTA,GCA_SCA,0.457712527220206,0.485894402569221
197,DTA,GCA,0.312148795342565,0.331720292606339
197,DTA,GCA_SCA,0.308659632846622,0.327664153764992
198,DTA,GCA,0.281203773319352,0.298835040721947
198,DTA,GCA_SCA,0.283630500708267,0.301093949796462
199,DTA,GCA,0.199984429350542,0.212523304304508
199,DTA,GCA_SCA,0.201899314281731,0.214330482252369
200,DTA,GCA,0.381410052076174,0.405324178614425
200,DTA,GCA_SCA,0.382665097780977,0.406226218451144
201,DTA,GCA,0.149057455931379,0.158403247536003
201,DTA,GCA_SCA,0.145859880377101,0.154840637342995
202,DTA,GCA,0.153171318930687,0.162775046685109
202,DTA,GCA_SCA,0.160179014715356,0.170041416895283
203,DTA,GCA,0.333199886601821,0.354091271627865
203,DTA,GCA_SCA,0.323377958875275,0.343288703689252
204,DTA,GCA,0.318209768050961,0.338161283794857
204,DTA,GCA_SCA,0.317669167654256,0.33722841576885
205,DTA,GCA,0.389733068032542,0.414169041479853
205,DTA,GCA_SCA,0.38759099471727,0.411455408404745
206,DTA,GCA,0.372317007669517,0.395661007087691
206,DTA,GCA_SCA,0.380626189581652,0.404061772379674
207,DTA,GCA,0.287500320322109,0.305526376537842
207,DTA,GCA_SCA,0.294529532505272,0.312664047245512
208,DTA,GCA,0.132042500774831,0.140321467348386
208,DTA,GCA_SCA,0.130259603461972,0.138279833823749
209,DTA,GCA,0.197727995984695,0.210125394245159
209,DTA,GCA_SCA,0.200015405983993,0.212330579600842
210,DTA,GCA,0.282809972915045,0.300541947837455
210,DTA,GCA_SCA,0.281708623456572,0.299053740399758
211,DTA,GCA,0.416932631176434,0.443073996999398
211,DTA,GCA_SCA,0.415372890210232,0.440947866465214
212,DTA,GCA,0.358790738388839,0.381286650785163
212,DTA,GCA_SCA,0.356104381541481,0.378030129024926
213,DTA,GCA,0.229990885446072,0.244411142875741
213,DTA,GCA_SCA,0.23535185677941,0.249842735434618
214,DTA,GCA,0.252446439794155,0.268274643776998
214,DTA,GCA_SCA,0.263500905631339,0.27972495289951
215,DTA,GCA,0.331303134103019,0.352075594158363
215,DTA,GCA_SCA,0.333879118187943,0.354436431197392
216,DTA,GCA,0.338659317886504,0.359893005192884
216,DTA,GCA_SCA,0.336745208650823,0.357478990075183
217,DTA,GCA,0.206627458134007,0.219582846051017
217,DTA,GCA_SCA,0.20915351078683,0.222031327799183
218,DTA,GCA,0.216985984909224,0.230590844749441
218,DTA,GCA_SCA,0.209632697794652,0.222540018890289
219,DTA,GCA,0.368290795088493,0.391382353972894
219,DTA,GCA_SCA,0.374006089517697,0.39703406530541
220,DTA,GCA,0.127072293755282,0.135039632045996
220,DTA,GCA_SCA,0.126972027816254,0.134789838446129
221,DTA,GCA,0.197341056294665,0.209714193724405
221,DTA,GCA_SCA,0.202959459534619,0.215455901841421
222,DTA,GCA,0.213662510080918,0.227058990521698
222,DTA,GCA_SCA,0.215679932495703,0.228959588636627
123,PH,GCA,0.534793261807352,0.536402469214997
123,PH,GCA_SCA,0.533736421572507,0.534806033639787
124,PH,GCA,0.581196784491839,0.582945621355907
124,PH,GCA_SCA,0.603293090288563,0.604502094477518
125,PH,GCA,0.612980521563451,0.61482499655311
125,PH,GCA_SCA,0.615088001593351,0.616320642879109
126,PH,GCA,0.41858968080408,0.419849228489549
126,PH,GCA_SCA,0.428355166500922,0.429213593688298
127,PH,GCA,0.498397308040704,0.499896999037817
127,PH,GCA_SCA,0.495703621993249,0.4966970160253
128,PH,GCA,0.687963392605678,0.690033493084932
128,PH,GCA_SCA,0.696318802989546,0.69771423145245
129,PH,GCA,0.54223266180849,0.543864254572207
129,PH,GCA_SCA,0.532985027199052,0.534053133465984
130,PH,GCA,0.446322319895057,0.447665315842585
130,PH,GCA_SCA,0.457953627431418,0.458871370171762
131,PH,GCA,0.55860606263563,0.560286923405848
131,PH,GCA_SCA,0.567737430361907,0.568875180723353
132,PH,GCA,0.658175948172592,0.660156417424866
132,PH,GCA_SCA,0.666896097767776,0.668232562893563
133,PH,GCA,0.615162901618304,0.61701394344865
133,PH,GCA_SCA,0.618992879978793,0.620233346672137
134,PH,GCA,0.65315628791655,0.655121652875175
134,PH,GCA_SCA,0.663279880590453,0.664609098788029
135,PH,GCA,0.67314511541807,0.67517062729997
135,PH,GCA_SCA,0.688923327141217,0.69030393501124
136,PH,GCA,0.633774211721369,0.635681255487832
136,PH,GCA_SCA,0.637187560011847,0.638464488989827
137,PH,GCA,0.418715150742261,0.419975075970171
137,PH,GCA_SCA,0.430782719073858,0.43164601109605
138,PH,GCA,0.679760172254224,0.681805589021288
138,PH,GCA_SCA,0.679132662125041,0.680493649423889
139,PH,GCA,0.612065487304559,0.613907208931353
139,PH,GCA_SCA,0.623110175901495,0.624358893688873
140,PH,GCA,0.551917507431903,0.553578242158378
140,PH,GCA_SCA,0.549649276549686,0.550750778105898
141,PH,GCA,0.660409112731944,0.662396301636854
141,PH,GCA_SCA,0.671896121859353,0.6732426070735
142,PH,GCA,0.627302400687643,0.629189970599441
142,PH,GCA_SCA,0.632595719650722,0.63386344654381
143,PH,GCA,0.686051908922648,0.688116257695735
143,PH,GCA_SCA,0.691554121469408,0.692940001472353
144,PH,GCA,0.743962009532562,0.746200611366661
144,PH,GCA_SCA,0.746023469925831,0.747518506939711
145,PH,GCA,0.659040121763382,0.661023191337394
145,PH,GCA_SCA,0.655355895881697,0.656669234350397
146,PH,GCA,0.600889550247588,0.60269764317712
146,PH,GCA_SCA,0.612779954948578,0.614007970890359
147,PH,GCA,0.644671429627076,0.646611263417328
147,PH,GCA_SCA,0.649478802794248,0.65078036352129
148,PH,GCA,0.663383568828252,0.665379707952109
148,PH,GCA_SCA,0.671284668462506,0.672629928319144
149,PH,GCA,0.741213444653778,0.743443775981723
149,PH,GCA_SCA,0.735722658527014,0.737197052632279
150,PH,GCA,0.738951379025134,0.741174903736343
150,PH,GCA_SCA,0.738164878787591,0.739644167121835
151,PH,GCA,0.556314598331714,0.557988564023785
151,PH,GCA_SCA,0.587456536989627,0.588633804598825
152,PH,GCA,0.593206645219662,0.594991620079902
152,PH,GCA_SCA,0.611384344308777,0.612609563435648
153,PH,GCA,0.598230606948312,0.600030699045448
153,PH,GCA_SCA,0.598676847227877,0.599876600428734
154,PH,GCA,0.522856816002313,0.524430106321277
154,PH,GCA_SCA,0.527767379457854,0.528825029516888
155,PH,GCA,0.629659006950118,0.63155366795398
155,PH,GCA_SCA,0.639401807094314,0.640683173441196
156,PH,GCA,0.742660203149258,0.744894887812697
156,PH,GCA_SCA,0.749679133652163,0.751181496645454
157,PH,GCA,0.562073114307818,0.563764407530409
157,PH,GCA_SCA,0.565485915974712,0.566619154283278
158,PH,GCA,0.545069351527492,0.546709479967394
158,PH,GCA_SCA,0.553499125628602,0.554608342313229
159,PH,GCA,0.643044921127737,0.644979860709866
159,PH,GCA_SCA,0.641455048793916,0.642740529853623
160,PH,GCA,0.605253481267373,0.607074705383524
160,PH,GCA_SCA,0.593740818944534,0.594930680305144
161,PH,GCA,0.592661485521287,0.594444819981231
161,PH,GCA_SCA,0.595648572370819,0.596842256884588
162,PH,GCA,0.609136648995718,0.610969557668724
162,PH,GCA_SCA,0.606303776568694,0.607518814197088
163,PH,GCA,0.679938786689617,0.681984740912355
163,PH,GCA_SCA,0.690419121322573,0.691802726776125
164,PH,GCA,0.556299842590726,0.557973763882373
164,PH,GCA_SCA,0.549521461331709,0.550622706745199
165,PH,GCA,0.332167943392778,0.333167445729967
165,PH,GCA_SCA,0.34115985054903,0.341843537624278
166,PH,GCA,0.792724567921243,0.795109897614085
166,PH,GCA_SCA,0.795304883365017,0.79689868072647
167,PH,GCA,0.57714983079976,0.578886490270572
167,PH,GCA_SCA,0.582798696045733,0.583966629304342
168,PH,GCA,0.682761110048428,0.684815556718584
168,PH,GCA_SCA,0.704067122438253,0.705478078595444
169,PH,GCA,0.572427489094773,0.574149938911507
169,PH,GCA_SCA,0.584544421265673,0.585715852971616
170,PH,GCA,0.579547963677785,0.581291839195371
170,PH,GCA_SCA,0.584294050650666,0.58546498061189
171,PH,GCA,0.707540294893075,0.70966930280148
171,PH,GCA_SCA,0.717993011312346,0.719431875062471
172,PH,GCA,0.60792468195371,0.609753943785066
172,PH,GCA_SCA,0.61311860929537,0.614347303903176
173,PH,GCA,0.657686065643658,0.659665060826137
173,PH,GCA_SCA,0.669242765262576,0.670583933128834
174,PH,GCA,0.752164191329835,0.754427473751088
174,PH,GCA_SCA,0.753837047044231,0.75534774252929
175,PH,GCA,0.578404805315222,0.580145241038337
175,PH,GCA_SCA,0.592011928001632,0.593198324650934
176,PH,GCA,0.623474398587856,0.625350449937669
176,PH,GCA_SCA,0.635257614177818,0.636530675528876
177,PH,GCA,0.523300686789259,0.524875312727441
177,PH,GCA_SCA,0.531887637277994,0.532953544366728
178,PH,GCA,0.534047948316166,0.535654913055332
178,PH,GCA_SCA,0.532445720708144,0.533512746200545
179,PH,GCA,0.416108139126778,0.417360219786136
179,PH,GCA_SCA,0.41563650729374,0.416469446186113
180,PH,GCA,0.666583182445925,0.668588949293806
180,PH,GCA_SCA,0.668678352810115,0.670018389589293
181,PH,GCA,0.647490338494094,0.649438654457467
181,PH,GCA_SCA,0.648230052314352,0.649529110535423
182,PH,GCA,0.58537452659585,0.587135934399047
182,PH,GCA_SCA,0.593441798748957,0.594631060870699
183,PH,GCA,0.752283697593948,0.754547339612787
183,PH,GCA_SCA,0.752203550461935,0.753710972406749
184,PH,GCA,0.72516523318082,0.727347275005838
184,PH,GCA_SCA,0.728858145473784,0.730318783039864
185,PH,GCA,0.529826270678034,0.531420532274858
185,PH,GCA_SCA,0.528274242935793,0.529332908753299
186,PH,GCA,0.702518210336862,0.704632106656833
186,PH,GCA_SCA,0.714790564423763,0.716223010444652
187,PH,GCA,0.595092110527566,0.596882758803978
187,PH,GCA_SCA,0.612205133515233,0.613431997510253
188,PH,GCA,0.436991713688899,0.438306633589668
188,PH,GCA_SCA,0.445719502686177,0.446612728142462
189,PH,GCA,0.626669983522047,0.628555650473467
189,PH,GCA_SCA,0.638028716958043,0.639307331621286
190,PH,GCA,0.692810467765409,0.694895153225085
190,PH,GCA_SCA,0.702099806195587,0.703506819835258
191,PH,GCA,0.622360360335443,0.624233059513985
191,PH,GCA_SCA,0.637111023028058,0.638387798625309
192,PH,GCA,0.539588392411251,0.541212028496741
192,PH,GCA_SCA,0.565607307350238,0.566740788928094
193,PH,GCA,0.552416589312917,0.554078825790288
193,PH,GCA_SCA,0.551713657390552,0.552819295982517
194,PH,GCA,0.736173129924259,0.738388294808685
194,PH,GCA_SCA,0.733168239232545,0.734637514261067
195,PH,GCA,0.675485683337505,0.67751823805166
195,PH,GCA_SCA,0.670230783407654,0.671573931270194
196,PH,GCA,0.608009542072935,0.609839059250687
196,PH,GCA_SCA,0.611755656414098,0.612981619653404
197,PH,GCA,0.593769158848717,0.5955558263277
197,PH,GCA_SCA,0.596555772019267,0.597751274568404
198,PH,GCA,0.71954550476167,0.721710636671685
198,PH,GCA_SCA,0.732339144801394,0.73380675831803
199,PH,GCA,0.580387726532239,0.582134128918996
199,PH,GCA_SCA,0.584399884013213,0.585571026065344
200,PH,GCA,0.625851639122996,0.627734843653958
200,PH,GCA_SCA,0.626716879642682,0.627972825293269
201,PH,GCA,0.606296488024435,0.608120850576163
201,PH,GCA_SCA,0.625009074926434,0.62626159812268
202,PH,GCA,0.607832776132308,0.609661761416558
202,PH,GCA_SCA,0.622001002001186,0.623247496995176
203,PH,GCA,0.619913000771786,0.621778335779123
203,PH,GCA_SCA,0.623456963675997,0.624706376428855
204,PH,GCA,0.621038103018234,0.6229068234887
204,PH,GCA_SCA,0.626036347883798,0.627290929743284
205,PH,GCA,0.625105233443726,0.626986192019786
205,PH,GCA_SCA,0.639003548996241,0.640284117230703
206,PH,GCA,0.591135394779287,0.59291413719086
206,PH,GCA_SCA,0.611259208390872,0.612484176744361
207,PH,GCA,0.625429681466743,0.62731161631569
207,PH,GCA_SCA,0.633996486098439,0.635267020138716
208,PH,GCA,0.625357961753998,0.627239680796387
208,PH,GCA_SCA,0.633176641062521,0.634445532126775
209,PH,GCA,0.477576762960563,0.479013804373684
209,PH,GCA_SCA,0.481029967742644,0.481993955653951
210,PH,GCA,0.674944340185578,0.676975265983528
210,PH,GCA_SCA,0.678797878619419,0.680158195009438
211,PH,GCA,0.508877199851155,0.510408425126535
211,PH,GCA_SCA,0.533726515673939,0.534796107889718
212,PH,GCA,0.69370214899865,0.695789517551304
212,PH,GCA_SCA,0.702208696037608,0.703615927893395
213,PH,GCA,0.54905067940598,0.550702787769288
213,PH,GCA_SCA,0.566651012613758,0.567786585785329
214,PH,GCA,0.633449050221313,0.635355115568017
214,PH,GCA_SCA,0.635556888430113,0.636830549529171
215,PH,GCA,0.641488722466762,0.643418979404977
215,PH,GCA_SCA,0.642533472915157,0.643821115145448
216,PH,GCA,0.614832754604449,0.616682803013489
216,PH,GCA_SCA,0.623092287203642,0.624340969141926
217,PH,GCA,0.655372234392258,0.65734426719384
217,PH,GCA_SCA,0.657939380446809,0.659257896239287
218,PH,GCA,0.610801446014949,0.612639364107271
218,PH,GCA_SCA,0.60805348848002,0.609272032545111
219,PH,GCA,0.700221093168645,0.702328077400848
219,PH,GCA_SCA,0.702948715895661,0.704357430757175
220,PH,GCA,0.733216733187318,0.735423002193899
220,PH,GCA_SCA,0.730509728813606,0.731973676165938
221,PH,GCA,0.632843417041693,0.634747660021759
221,PH,GCA_SCA,0.630450311786962,0.631713739265493
222,PH,GCA,0.550241029126784,0.551896719284638
222,PH,GCA_SCA,0.551432303616671,0.552537378373418
123,TGW,GCA,0.627964108018635,0.642090089998604
123,TGW,GCA_SCA,0.632371467134318,0.645936125775606
124,TGW,GCA,0.538345738371439,0.550455765205971
124,TGW,GCA_SCA,0.550788536183939,0.562603203456526
125,TGW,GCA,0.530205793253629,0.542132712938271
125,TGW,GCA_SCA,0.530571698719447,0.541952705535697
126,TGW,GCA,0.771700661761143,0.789059981350862
126,TGW,GCA_SCA,0.773922413617663,0.790523405125294
127,TGW,GCA,0.63247218801765,0.646699578750153
127,TGW,GCA_SCA,0.637660245289362,0.651338350653077
128,TGW,GCA,0.645820384544724,0.660348041456773
128,TGW,GCA_SCA,0.654416660848187,0.668454199027771
129,TGW,GCA,0.573038730754775,0.585929172550895
129,TGW,GCA_SCA,0.575793837019971,0.588144879489245
130,TGW,GCA,0.585853387075726,0.599032093124465
130,TGW,GCA_SCA,0.589163509557374,0.601801337647982
131,TGW,GCA,0.599819260221405,0.613312127015751
131,TGW,GCA_SCA,0.602732730863085,0.61566162498783
132,TGW,GCA,0.396611983348563,0.405533725305279
132,TGW,GCA_SCA,0.401949964166977,0.410571975655748
133,TGW,GCA,0.618298249285756,0.632206798860691
133,TGW,GCA_SCA,0.623302142622134,0.636672260083896
134,TGW,GCA,0.783786964260879,0.80141816386593
134,TGW,GCA_SCA,0.785422816152753,0.802270496580953
135,TGW,GCA,0.495272487239724,0.506413586134687
135,TGW,GCA_SCA,0.503228281224239,0.514022759166741
136,TGW,GCA,0.755446162364291,0.772439838818294
136,TGW,GCA_SCA,0.758383976320031,0.774651661205343
137,TGW,GCA,0.601693192498801,0.615228213188958
137,TGW,GCA_SCA,0.608746728428934,0.621804625565816
138,TGW,GCA,0.581836029881908,0.594924365932421
138,TGW,GCA_SCA,0.582875686123462,0.595378637511197
139,TGW,GCA,0.547865109041203,0.560189273048265
139,TGW,GCA_SCA,0.559169940720644,0.571164392973078
140,TGW,GCA,0.568253770947193,0.581036575610626
140,TGW,GCA_SCA,0.570073623009638,0.582301964259079
141,TGW,GCA,0.587144296664122,0.600352041578856
141,TGW,GCA_SCA,0.588901396168333,0.601533601806264
142,TGW,GCA,0.603473218870385,0.617048281053563
142,TGW,GCA_SCA,0.605844352552669,0.618839992392921
143,TGW,GCA,0.65899830591342,0.673822398684479
143,TGW,GCA_SCA,0.66511244322218,0.67937941085003
144,TGW,GCA,0.538450748273335,0.550563137293799
144,TGW,GCA_SCA,0.543745106628034,0.555408689099115
145,TGW,GCA,0.660361463064704,0.67521621990256
145,TGW,GCA_SCA,0.662603980198274,0.67681714014124
146,TGW,GCA,0.538787049616101,0.550907003697445
146,TGW,GCA_SCA,0.544808696146044,0.556495093101169
147,TGW,GCA,0.576646548208986,0.589618147452951
147,TGW,GCA_SCA,0.585266996457827,0.597821242551406
148,TGW,GCA,0.578355791904234,0.591365840392877
148,TGW,GCA_SCA,0.590072114955265,0.6027294330493
149,TGW,GCA,0.718610229711644,0.734775286003726
149,TGW,GCA_SCA,0.721680688629226,0.737161071122805
150,TGW,GCA,0.563012103747313,0.575676997696639
150,TGW,GCA_SCA,0.57297794181145,0.585268582034167
151,TGW,GCA,0.597960278838414,0.611411328055638
151,TGW,GCA_SCA,0.603275609746628,0.616216148872961
152,TGW,GCA,0.659573438379464,0.674410468690659
152,TGW,GCA_SCA,0.665271224929167,0.679541598497617
153,TGW,GCA,0.603573068025423,0.617150376304113
153,TGW,GCA_SCA,0.607548131416075,0.620580318096093
154,TGW,GCA,0.602751182315578,0.616310002367666
154,TGW,GCA_SCA,0.601330071918917,0.614228878364573
155,TGW,GCA,0.592853272626236,0.606189440313125
155,TGW,GCA_SCA,0.598055612970579,0.61088418076668
156,TGW,GCA,0.604333685706085,0.617928103993952
156,TGW,GCA_SCA,0.614051116871046,0.627222795578188
157,TGW,GCA,0.426903910454354,0.436507065904247
157,TGW,GCA_SCA,0.436382364743428,0.44574296705151
158,TGW,GCA,0.64886496798406,0.663461112458139
158,TGW,GCA_SCA,0.6528506611854,0.6668546079524
159,TGW,GCA,0.538561381765677,0.550676259474107
159,TGW,GCA_SCA,0.54114868478143,0.552756572810449
160,TGW,GCA,0.648581571599369,0.663171341103649
160,TGW,GCA_SCA,0.656808845932585,0.670897697581803
161,TGW,GCA,0.657739690829111,0.67253547119541
161,TGW,GCA_SCA,0.665446533230964,0.679720667243068
162,TGW,GCA,0.575095482756714,0.588032190957786
162,TGW,GCA_SCA,0.577795655782254,0.59018963818412
163,TGW,GCA,0.697891616149878,0.713590609560203
163,TGW,GCA_SCA,0.69510177692819,0.710012029548713
164,TGW,GCA,0.632132032052863,0.646351771015197
164,TGW,GCA_SCA,0.638929376438866,0.652634705249097
165,TGW,GCA,0.438656842792468,0.448524379133403
165,TGW,GCA_SCA,0.444613014505963,0.454150168034692
166,TGW,GCA,0.605306057212416,0.618922348887951
166,TGW,GCA_SCA,0.613854912975073,0.627022383018461
167,TGW,GCA,0.547253833388872,0.559564246818887
167,TGW,GCA_SCA,0.555496917320205,0.567412581532385
168,TGW,GCA,0.613584280694532,0.627386790076208
168,TGW,GCA_SCA,0.621722778446373,0.635059017820606
169,TGW,GCA,0.594423951869809,0.60779545180962
169,TGW,GCA_SCA,0.594939568979615,0.607701296199811
170,TGW,GCA,0.542187821165047,0.554384275219884
170,TGW,GCA_SCA,0.550394107079135,0.562200313666123
171,TGW,GCA,0.577520934789306,0.590512203261049
171,TGW,GCA_SCA,0.584479744223444,0.597017103394733
172,TGW,GCA,0.584055238065455,0.597193494954453
172,TGW,GCA_SCA,0.58550078137222,0.598060042259673
173,TGW,GCA,0.774620016759607,0.792045006911663
173,TGW,GCA_SCA,0.772568179588586,0.789140122153816
174,TGW,GCA,0.661549994440208,0.676431487157677
174,TGW,GCA_SCA,0.664310670783321,0.678560440023822
175,TGW,GCA,0.695715719150013,0.711365766002058
175,TGW,GCA_SCA,0.701046501355059,0.716084271047047
176,TGW,GCA,0.604588236059808,0.618188380429252
176,TGW,GCA_SCA,0.606806692193583,0.619822974661474
177,TGW,GCA,0.751151131433348,0.76804819164964
177,TGW,GCA_SCA,0.750583044446927,0.766683395757842
178,TGW,GCA,0.658008725075402,0.672810557336812
178,TGW,GCA_SCA,0.659827464997346,0.673981067413019
179,TGW,GCA,0.430399170566617,0.440080951499609
179,TGW,GCA_SCA,0.43236234958578,0.441636720720919
180,TGW,GCA,0.544145425256735,0.556385915395435
180,TGW,GCA_SCA,0.55237221925153,0.564220857253861
181,TGW,GCA,0.640863061425719,0.655279203911778
181,TGW,GCA_SCA,0.642738712529398,0.656525753349743
182,TGW,GCA,0.766820155362034,0.784069688509237
182,TGW,GCA_SCA,0.769193368082955,0.785692919390149
183,TGW,GCA,0.726515003266537,0.742857876550651
183,TGW,GCA_SCA,0.730050145680796,0.745710056875174
184,TGW,GCA,0.701542610127727,0.71732373223694
184,TGW,GCA_SCA,0.703640732352648,0.71873414949198
185,TGW,GCA,0.556440833486437,0.568957907450345
185,TGW,GCA_SCA,0.562142246350605,0.574200455925031
186,TGW,GCA,0.611168538318308,0.624916705846941
186,TGW,GCA_SCA,0.614608604125203,0.627792241190197
187,TGW,GCA,0.64681365057595,0.661363650895655
187,TGW,GCA_SCA,0.652307503125454,0.666299798902405
188,TGW,GCA,0.491913880356326,0.502979427767205
188,TGW,GCA_SCA,0.498051827866178,0.508735268504778
189,TGW,GCA,0.607072234442334,0.620728256076006
189,TGW,GCA_SCA,0.615582332322422,0.628786856304823
190,TGW,GCA,0.573669122400479,0.586573744785765
190,TGW,GCA_SCA,0.581205699320893,0.593672828724099
191,TGW,GCA,0.679962807881753,0.695258494766619
191,TGW,GCA_SCA,0.679556497917072,0.694133297157377
192,TGW,GCA,0.803918432426704,0.822002487143869
192,TGW,GCA_SCA,0.803969344151593,0.82121485613033
193,TGW,GCA,0.629833961674319,0.644002005801962
193,TGW,GCA_SCA,0.633538978054449,0.647128680341623
194,TGW,GCA,0.371919101292079,0.380285379644253
194,TGW,GCA_SCA,0.377961546361208,0.386068995261704
195,TGW,GCA,0.612476694494404,0.626254288849084
195,TGW,GCA_SCA,0.616586044907181,0.629812098985884
196,TGW,GCA,0.613153090324416,0.626945900127215
196,TGW,GCA_SCA,0.617355233818802,0.630597787353219
197,TGW,GCA,0.623251020042682,0.637270981638734
197,TGW,GCA_SCA,0.624163097110576,0.637551682441855
198,TGW,GCA,0.613167199291145,0.626960326473563
198,TGW,GCA_SCA,0.616477869198193,0.629701602858216
199,TGW,GCA,0.532911579656351,0.54489936570179
199,TGW,GCA_SCA,0.540967303008964,0.552571300315592
200,TGW,GCA,0.60591452750316,0.619544506649448
200,TGW,GCA_SCA,0.615241235755678,0.628438443059937
201,TGW,GCA,0.506586588981392,0.517982197322487
201,TGW,GCA_SCA,0.510021990200935,0.520962196323733
202,TGW,GCA,0.506483439619926,0.517876727627737
202,TGW,GCA_SCA,0.513012623667529,0.524016980252839
203,TGW,GCA,0.699130594317224,0.71485745840207
203,TGW,GCA_SCA,0.701458317231013,0.716504920562833
204,TGW,GCA,0.629605488795918,0.643768393451859
204,TGW,GCA_SCA,0.633931421069925,0.647529541440169
205,TGW,GCA,0.661349447579607,0.676226429018003
205,TGW,GCA_SCA,0.66318727908041,0.677412951052513
206,TGW,GCA,0.565626720889136,0.57835043035699
206,TGW,GCA_SCA,0.572259919744306,0.584535158063642
207,TGW,GCA,0.609257320249986,0.622962495143135
207,TGW,GCA_SCA,0.609463335156735,0.622536603837318
208,TGW,GCA,0.663445665032137,0.678369800646357
208,TGW,GCA_SCA,0.664176356780834,0.678423244924243
209,TGW,GCA,0.617567365787375,0.63145947422022
209,TGW,GCA_SCA,0.617658392905711,0.63090744934189
210,TGW,GCA,0.651464128222453,0.666118740513756
210,TGW,GCA_SCA,0.659303629441813,0.673445995344038
211,TGW,GCA,0.560213399941661,0.572815337363661
211,TGW,GCA_SCA,0.563479548506771,0.575566443827141
212,TGW,GCA,0.448462254483197,0.458550362457257
212,TGW,GCA_SCA,0.454894701250373,0.464652401685775
213,TGW,GCA,0.555248524648288,0.567738777758986
213,TGW,GCA_SCA,0.559777810602559,0.57178530194337
214,TGW,GCA,0.655942977703971,0.670698341210604
214,TGW,GCA_SCA,0.66066743736907,0.674839057578212
215,TGW,GCA,0.488069912383315,0.499048990166989
215,TGW,GCA_SCA,0.490583037537097,0.501106269190089
216,TGW,GCA,0.378966856981602,0.387491673805319
216,TGW,GCA_SCA,0.385031975893131,0.393291088757029
217,TGW,GCA,0.755700666649605,0.77270006814888
217,TGW,GCA_SCA,0.75545151031034,0.771656292451828
218,TGW,GCA,0.479860104971416,0.490654504060752
218,TGW,GCA_SCA,0.490009073403637,0.500519993262142
219,TGW,GCA,0.603681646377333,0.617261397113838
219,TGW,GCA_SCA,0.608618287570045,0.621673429591466
220,TGW,GCA,0.529703250317641,0.541618865355461
220,TGW,GCA_SCA,0.531767406096352,0.543174061385446
221,TGW,GCA,0.783179614546682,0.800797151888223
221,TGW,GCA_SCA,0.784943959534384,0.801781368268012
222,TGW,GCA,0.611467643926661,0.625222539802312
222,TGW,GCA_SCA,0.609964069718755,0.623048079385858
123,GY,GCA,0.437739800912336,0.476321872592314
123,GY,GCA_SCA,0.437578968053154,0.474597579233356
124,GY,GCA,0.275985293347133,0.30031043889786
124,GY,GCA_SCA,0.272829514430638,0.295910536258826
125,GY,GCA,0.536294539991845,0.583563155595043
125,GY,GCA_SCA,0.530196840471691,0.575050803114632
126,GY,GCA,0.599128801828822,0.651935584144528
126,GY,GCA_SCA,0.58666372524208,0.636294712843904
127,GY,GCA,0.562487393593223,0.612064628501875
127,GY,GCA_SCA,0.548766681988768,0.595191629055063
128,GY,GCA,0.400224674916262,0.435500190333256
128,GY,GCA_SCA,0.396108861115453,0.429619155222834
129,GY,GCA,0.296119225494565,0.322218961365141
129,GY,GCA_SCA,0.30294254498828,0.32857109000898
130,GY,GCA,0.51230155783446,0.557455449221393
130,GY,GCA_SCA,0.509473361446997,0.552574144736439
131,GY,GCA,0.493190570646893,0.536660033348089
131,GY,GCA_SCA,0.493584285345722,0.535340873476921
132,GY,GCA,0.374754621574474,0.4077852247818
132,GY,GCA_SCA,0.363201423525171,0.393927791242051
133,GY,GCA,0.495036807631408,0.538668996334503
133,GY,GCA_SCA,0.494459734834024,0.53629038485252
134,GY,GCA,0.52574967343127,0.572088872068846
134,GY,GCA_SCA,0.528306202553433,0.573000219689189
135,GY,GCA,0.308663118529372,0.335868464123365
135,GY,GCA_SCA,0.296390969436168,0.321465259692156
136,GY,GCA,0.581880572471921,0.633167108239304
136,GY,GCA_SCA,0.582380236834942,0.631648846892561
137,GY,GCA,0.379889041562913,0.413372188860624
137,GY,GCA_SCA,0.391133629895399,0.424223025916918
138,GY,GCA,0.466562849335877,0.507685363804001
138,GY,GCA_SCA,0.462098682195516,0.501191629279301
139,GY,GCA,0.394388600939913,0.429149728987936
139,GY,GCA_SCA,0.400017268247305,0.433858208511177
140,GY,GCA,0.458528004419143,0.498942333426706
140,GY,GCA_SCA,0.45698679281531,0.495647280710748
141,GY,GCA,0.399588298511164,0.43480772416884
141,GY,GCA_SCA,0.396635569650642,0.430190422614579
142,GY,GCA,0.320162475837379,0.348381366525984
142,GY,GCA_SCA,0.305913020718126,0.331792864119443
143,GY,GCA,0.415270570178077,0.451872219997908
143,GY,GCA_SCA,0.40736126055953,0.441823493014675
144,GY,GCA,0.150100846664681,0.163330627491492
144,GY,GCA_SCA,0.129403198230129,0.140350540379749
145,GY,GCA,0.549938179532363,0.598409335726184
145,GY,GCA_SCA,0.55292863221095,0.599705674849187
146,GY,GCA,0.362642264295565,0.394605293031083
146,GY,GCA_SCA,0.371448738734603,0.402872818584168
147,GY,GCA,0.377882047316943,0.411188299583181
147,GY,GCA_SCA,0.38075041293235,0.412961402312744
148,GY,GCA,0.348209674660146,0.378900625310278
148,GY,GCA_SCA,0.343285110948197,0.372326584542513
149,GY,GCA,0.313343851979027,0.340961754057701
149,GY,GCA_SCA,0.309486107872751,0.33566822979691
150,GY,GCA,0.365361548368545,0.397564252849341
150,GY,GCA_SCA,0.363111060773661,0.393829783919372
151,GY,GCA,0.276645490892277,0.301028825780498
151,GY,GCA_SCA,0.272113161485252,0.295133580786608
152,GY,GCA,0.326949278960165,0.35576635360192
152,GY,GCA_SCA,0.327155906753023,0.354832870664884
153,GY,GCA,0.391292507453152,0.425780748044779
153,GY,GCA_SCA,0.391658636305578,0.424792447186093
154,GY,GCA,0.468608784597064,0.509911626329775
154,GY,GCA_SCA,0.465384115684748,0.504755006165671
155,GY,GCA,0.443489555098625,0.48257840598327
155,GY,GCA_SCA,0.438565286469365,0.475667338903866
156,GY,GCA,0.553594094837499,0.602387480780739
156,GY,GCA_SCA,0.55195042922914,0.598644717168265
157,GY,GCA,0.460738073087463,0.501347195960242
157,GY,GCA_SCA,0.455088372790542,0.493588256822714
158,GY,GCA,0.419903201605158,0.456913168231945
158,GY,GCA_SCA,0.42018618838461,0.455733393041877
159,GY,GCA,0.359915956194043,0.39163869009145
159,GY,GCA_SCA,0.346689049805194,0.376018492196523
160,GY,GCA,0.357769434135123,0.389302975119829
160,GY,GCA_SCA,0.350261648663222,0.379893328268136
161,GY,GCA,0.364532804971359,0.396662464604308
161,GY,GCA_SCA,0.368302493119959,0.399460404685422
162,GY,GCA,0.525624835862556,0.571953031406481
162,GY,GCA_SCA,0.522520551645148,0.566725110244195
163,GY,GCA,0.497395760254307,0.54123586534745
163,GY,GCA_SCA,0.505664876686589,0.548443467122114
164,GY,GCA,0.63706764835189,0.693218333353526
164,GY,GCA_SCA,0.638182262994536,0.692171651837891
165,GY,GCA,0.433277866998187,0.471466667027407
165,GY,GCA_SCA,0.433087115805812,0.469725722132117
166,GY,GCA,0.405864276307115,0.441636862140495
166,GY,GCA_SCA,0.404403492125703,0.438615501220936
167,GY,GCA,0.442577296638497,0.481585741717624
167,GY,GCA_SCA,0.436266520741199,0.473174100586983
168,GY,GCA,0.366674310168827,0.398992720531912
168,GY,GCA_SCA,0.361702650093492,0.392302223528733
169,GY,GCA,0.403713053492011,0.439296032091416
169,GY,GCA_SCA,0.411556629876069,0.446373785115042
170,GY,GCA,0.527408996478166,0.573894446657417
170,GY,GCA_SCA,0.524181007668927,0.568526038686472
171,GY,GCA,0.296552952672144,0.322690916944661
171,GY,GCA_SCA,0.297113208932189,0.322248599709533
172,GY,GCA,0.301728437260604,0.328322565027861
172,GY,GCA_SCA,0.290343593031107,0.314906283113998
173,GY,GCA,0.584615294689596,0.636142866909245
173,GY,GCA_SCA,0.583991109191991,0.633395996954438
174,GY,GCA,0.529594592399534,0.57627267943366
174,GY,GCA_SCA,0.526819852915513,0.571388126806413
175,GY,GCA,0.491168746708988,0.534460007300313
175,GY,GCA_SCA,0.478167501238165,0.518619849499094
176,GY,GCA,0.445171615627396,0.484408722119038
176,GY,GCA_SCA,0.453357442955715,0.491710892576698
177,GY,GCA,0.473506169834088,0.515240663584426
177,GY,GCA_SCA,0.468947340281679,0.508619674925899
178,GY,GCA,0.493906624514149,0.537439199688954
178,GY,GCA_SCA,0.489300483294454,0.530694667347564
179,GY,GCA,0.324629597016058,0.35324221655719
179,GY,GCA_SCA,0.322333303999726,0.349602281995364
180,GY,GCA,0.403890584866149,0.439489210953372
180,GY,GCA_SCA,0.417285920816703,0.452587766612476
181,GY,GCA,0.439624601083353,0.478372797696794
181,GY,GCA_SCA,0.438387874765978,0.475474918401278
182,GY,GCA,0.397625682493073,0.43267212458441
182,GY,GCA_SCA,0.397843766561027,0.431500831411093
183,GY,GCA,0.313179778086333,0.340783218809937
183,GY,GCA_SCA,0.309470219617407,0.335650997415843
184,GY,GCA,0.47265792789522,0.51431765821025
184,GY,GCA_SCA,0.47346441348901,0.513518886647516
185,GY,GCA,0.328532942703865,0.357489600330647
185,GY,GCA_SCA,0.328292848987859,0.356065996733035
186,GY,GCA,0.425622427622951,0.463136482723559
186,GY,GCA_SCA,0.429784126868961,0.46614330463011
187,GY,GCA,0.455226437936364,0.495349769245228
187,GY,GCA_SCA,0.452760465430814,0.491063411530167
188,GY,GCA,0.449171697918601,0.488761368790643
188,GY,GCA_SCA,0.45538147221738,0.493906152079588
189,GY,GCA,0.419797146162533,0.456797765138774
189,GY,GCA_SCA,0.420500991395263,0.456074827977509
190,GY,GCA,0.138969741120411,0.151218434298598
190,GY,GCA_SCA,0.146545816203587,0.158943401522328
191,GY,GCA,0.495450329143516,0.539118965335708
191,GY,GCA_SCA,0.490943260957823,0.532476421863149
192,GY,GCA,0.452452097867194,0.492330900834814
192,GY,GCA_SCA,0.454053729880628,0.492466084469227
193,GY,GCA,0.460052469239598,0.500601163481608
193,GY,GCA_SCA,0.45395776265025,0.492361998536063
194,GY,GCA,0.547089147985409,0.595309192584776
194,GY,GCA_SCA,0.553459870154644,0.600281854831501
195,GY,GCA,0.269867363940805,0.293653279587383
195,GY,GCA_SCA,0.264857454973112,0.287264050946976
196,GY,GCA,0.434498730453292,0.472795136510655
196,GY,GCA_SCA,0.432096986213355,0.46865182886481
197,GY,GCA,0.342869254922574,0.373089504812377
197,GY,GCA_SCA,0.331418073308189,0.359455610963328
198,GY,GCA,0.351966811776247,0.382988913793522
198,GY,GCA_SCA,0.354304901532675,0.384278635067978
199,GY,GCA,0.412188881041294,0.448518912993791
199,GY,GCA_SCA,0.40834974158403,0.44289559824732
200,GY,GCA,0.337059877113225,0.366768092615043
200,GY,GCA_SCA,0.332246149469511,0.360353741290142
201,GY,GCA,0.414091194211732,0.450588894680884
201,GY,GCA_SCA,0.411599670541383,0.446420466964624
202,GY,GCA,0.327445424665018,0.356306229232881
202,GY,GCA_SCA,0.322487868674448,0.349769922640399
203,GY,GCA,0.495462473229998,0.539132179793251
203,GY,GCA_SCA,0.501312546359812,0.54372293531433
204,GY,GCA,0.386544640045922,0.420614407014061
204,GY,GCA_SCA,0.388072696993527,0.420903142075409
205,GY,GCA,0.452844970846499,0.492758401356365
205,GY,GCA_SCA,0.454279332496656,0.492710772772945
206,GY,GCA,0.461264391633496,0.501919903844935
206,GY,GCA_SCA,0.473573448935336,0.51363714635069
207,GY,GCA,0.427835240895267,0.465544331768517
207,GY,GCA_SCA,0.422508046407508,0.45825167723157
208,GY,GCA,0.273140296416473,0.297214685980928
208,GY,GCA_SCA,0.265595949725261,0.288065021393993
209,GY,GCA,0.493500272499774,0.536997032099863
209,GY,GCA_SCA,0.485605094515666,0.526686653487708
210,GY,GCA,0.554482907717111,0.60335463298924
210,GY,GCA_SCA,0.545443741559745,0.591587572190612
211,GY,GCA,0.419653655616255,0.456641627438798
211,GY,GCA_SCA,0.416984582193762,0.452260935134232
212,GY,GCA,0.458125805814496,0.498504685325893
212,GY,GCA_SCA,0.461049655647138,0.500053856450258
213,GY,GCA,0.448604662408076,0.488144355177449
213,GY,GCA_SCA,0.435132519018067,0.471944163793998
214,GY,GCA,0.46482825820477,0.505797887056333
214,GY,GCA_SCA,0.462688749608684,0.50183161562764
215,GY,GCA,0.167038909951904,0.181761599512409
215,GY,GCA_SCA,0.167106196305559,0.181243163021213
216,GY,GCA,0.546292936765716,0.594442803879995
216,GY,GCA_SCA,0.544956447139698,0.591059053296853
217,GY,GCA,0.629432555918209,0.684910289356049
217,GY,GCA_SCA,0.624622890069703,0.677465173611392
218,GY,GCA,0.388890447338722,0.423166972076956
218,GY,GCA_SCA,0.387100871920819,0.419849101866398
219,GY,GCA,0.56235519056706,0.61192077319593
219,GY,GCA_SCA,0.549911474117613,0.59643326910804
220,GY,GCA,0.412215867200593,0.44854827769379
220,GY,GCA_SCA,0.415105587912515,0.450222980382337
221,GY,GCA,0.342562626824277,0.372755850733708
221,GY,GCA_SCA,0.337691647145572,0.366259920982182
222,GY,GCA,0.368201279449979,0.400654275788879
222,GY,GCA_SCA,0.365531481667531,0.396454969270641
123,GNP,GCA,0.299354872727432,0.326094632600688
123,GNP,GCA_SCA,0.300245809071864,0.326709259055347
124,GNP,GCA,0.206740586984156,0.225207611093852
124,GNP,GCA_SCA,0.202217405093321,0.220040701951383
125,GNP,GCA,0.47852484958036,0.52126889932501
125,GNP,GCA_SCA,0.467316830623995,0.508505800461366
126,GNP,GCA,0.446076316053932,0.48592191291278
126,GNP,GCA_SCA,0.440768910312064,0.479617965519112
127,GNP,GCA,0.514237284233146,0.560171333587305
127,GNP,GCA_SCA,0.495450834672874,0.53911951542206
128,GNP,GCA,0.257967297636388,0.281010128144213
128,GNP,GCA_SCA,0.256206217157173,0.278788049137294
129,GNP,GCA,0.306678657131638,0.334072611254508
129,GNP,GCA_SCA,0.315141585188995,0.342917938181714
130,GNP,GCA,0.494799364967777,0.538997129594529
130,GNP,GCA_SCA,0.491281595897602,0.534582802935367
131,GNP,GCA,0.433835243594777,0.472587411323287
131,GNP,GCA_SCA,0.432555137726637,0.470680236916907
132,GNP,GCA,0.32090142967424,0.349565827531852
132,GNP,GCA_SCA,0.312403047760136,0.339938028030616
133,GNP,GCA,0.441856916753343,0.481325617378369
133,GNP,GCA_SCA,0.444118389779163,0.483262665700939
134,GNP,GCA,0.373125765426193,0.406455082163608
134,GNP,GCA_SCA,0.373231253875633,0.406127588548022
135,GNP,GCA,0.286432154445988,0.312017597435716
135,GNP,GCA_SCA,0.27336296631402,0.29745698184333
136,GNP,GCA,0.484554417443549,0.527837056038724
136,GNP,GCA_SCA,0.485754614867874,0.528568677767001
137,GNP,GCA,0.358088302891079,0.390074404020783
137,GNP,GCA_SCA,0.380657735106329,0.414208634500902
138,GNP,GCA,0.427222368388429,0.46538384356038
138,GNP,GCA_SCA,0.422062890747672,0.459263210824452
139,GNP,GCA,0.310200784439562,0.337909351241353
139,GNP,GCA_SCA,0.317176846166622,0.345132585600242
140,GNP,GCA,0.38302184460487,0.417235124841906
140,GNP,GCA_SCA,0.374079091769962,0.407050154265464
141,GNP,GCA,0.408779993237114,0.44529411028008
141,GNP,GCA_SCA,0.395268476405103,0.430107156044725
142,GNP,GCA,0.256183294235858,0.279066769320107
142,GNP,GCA_SCA,0.2283330676835,0.248458180286725
143,GNP,GCA,0.3552581501845,0.386991449002724
143,GNP,GCA_SCA,0.34668135834464,0.377237604292318
144,GNP,GCA,0.177540714461438,0.193399471090891
144,GNP,GCA_SCA,0.153472227445112,0.166999159352679
145,GNP,GCA,0.486686713631829,0.530159818771056
145,GNP,GCA_SCA,0.493472838457422,0.53696718004072
146,GNP,GCA,0.271873688874088,0.296158702477221
146,GNP,GCA_SCA,0.282689660951869,0.307605724648389
147,GNP,GCA,0.3023444218089,0.329351222014053
147,GNP,GCA_SCA,0.299514164764758,0.325913128144459
148,GNP,GCA,0.357668874794672,0.389617510669578
148,GNP,GCA_SCA,0.35777089920155,0.389304569316159
149,GNP,GCA,0.254935470663121,0.277707484382485
149,GNP,GCA_SCA,0.259267482114344,0.282119131789276
150,GNP,GCA,0.34064097475918,0.371068599955534
150,GNP,GCA_SCA,0.336883506110975,0.36657617639932
151,GNP,GCA,0.164912076316973,0.179642784659012
151,GNP,GCA_SCA,0.157719824735146,0.171621136817352
152,GNP,GCA,0.253046045479093,0.275649287014262
152,GNP,GCA_SCA,0.259417582800236,0.282282462241824
153,GNP,GCA,0.377905210716281,0.411661449582005
153,GNP,GCA_SCA,0.383970307223377,0.417813174345351
154,GNP,GCA,0.45579690374101,0.4965107883889
154,GNP,GCA_SCA,0.457583681813737,0.497914778905046
155,GNP,GCA,0.415428801335415,0.452536820626813
155,GNP,GCA_SCA,0.416792601390698,0.453528401948529
156,GNP,GCA,0.48634141539773,0.529783676903845
156,GNP,GCA_SCA,0.483491645944482,0.526106252387902
157,GNP,GCA,0.390732313457609,0.425634328385195
157,GNP,GCA_SCA,0.390102237578178,0.424485568637843
158,GNP,GCA,0.352566658525477,0.384059540877426
158,GNP,GCA_SCA,0.358829058967658,0.390455994524111
159,GNP,GCA,0.382120533828305,0.416253304823862
159,GNP,GCA_SCA,0.367776650335264,0.400192220168948
160,GNP,GCA,0.243254136341748,0.264982719326523
160,GNP,GCA_SCA,0.228323935190266,0.248448242862096
161,GNP,GCA,0.22651166199137,0.246744729838094
161,GNP,GCA_SCA,0.227984344886243,0.24807872131256
162,GNP,GCA,0.495300382011416,0.539542899794571
162,GNP,GCA_SCA,0.495160264328258,0.53880333441595
163,GNP,GCA,0.475244430569474,0.517695458136682
163,GNP,GCA_SCA,0.485487138324981,0.528277626033712
164,GNP,GCA,0.546671110366936,0.595502298874658
164,GNP,GCA_SCA,0.546549456576729,0.594721933162926
165,GNP,GCA,0.389970922309485,0.424804926263056
165,GNP,GCA_SCA,0.38585541291191,0.419864431895441
166,GNP,GCA,0.380851413678999,0.414870821001088
166,GNP,GCA_SCA,0.380596947223738,0.414142488817996
167,GNP,GCA,0.294595286286217,0.320909897915269
167,GNP,GCA_SCA,0.289745054226272,0.315282975219012
168,GNP,GCA,0.269101781795497,0.293139195855661
168,GNP,GCA_SCA,0.267786195018198,0.291388677930575
169,GNP,GCA,0.333780752392081,0.363595590841047
169,GNP,GCA_SCA,0.341719693261153,0.3718386216117
170,GNP,GCA,0.453673731746245,0.494197964865191
170,GNP,GCA_SCA,0.450447575124363,0.490149700897021
171,GNP,GCA,0.361717550602089,0.394027832899879
171,GNP,GCA_SCA,0.363621260675183,0.395670577448513
172,GNP,GCA,0.27762227678863,0.302420780815501
172,GNP,GCA_SCA,0.266181782666523,0.289642853826467
173,GNP,GCA,0.465798865754182,0.507406171845514
173,GNP,GCA_SCA,0.462583286950193,0.503355045647653
174,GNP,GCA,0.4059682913445,0.442231254187908
174,GNP,GCA_SCA,0.400709464827997,0.436027709279648
175,GNP,GCA,0.418654318956023,0.45605045637911
175,GNP,GCA_SCA,0.400016472730776,0.435273637356666
176,GNP,GCA,0.425480047137844,0.463485890128371
176,GNP,GCA_SCA,0.432790289355137,0.470936114641063
177,GNP,GCA,0.377122857451078,0.410809212909671
177,GNP,GCA_SCA,0.367854877835453,0.400277342584824
178,GNP,GCA,0.421863373329821,0.459546158311352
178,GNP,GCA_SCA,0.419784155968842,0.45678362999874
179,GNP,GCA,0.280616166026719,0.305682098068321
179,GNP,GCA_SCA,0.287559501523263,0.312904789470363
180,GNP,GCA,0.243558606339287,0.265314385990509
180,GNP,GCA_SCA,0.251796550778485,0.273989717930887
181,GNP,GCA,0.397934487880055,0.433479834291999
181,GNP,GCA_SCA,0.389534843773607,0.423868165150823
182,GNP,GCA,0.37907501971101,0.412935751319183
182,GNP,GCA_SCA,0.381730544497434,0.415376000541277
183,GNP,GCA,0.168699377709986,0.183768385304996
183,GNP,GCA_SCA,0.165584163262989,0.180178632495091
184,GNP,GCA,0.295715199680723,0.322129847146758
184,GNP,GCA_SCA,0.302246265811691,0.32888603461555
185,GNP,GCA,0.267383941452681,0.291267910079174
185,GNP,GCA_SCA,0.270208660320353,0.294024657584715
186,GNP,GCA,0.358383217173257,0.390395661408776
186,GNP,GCA_SCA,0.365872832429841,0.398120601120611
187,GNP,GCA,0.428956498869776,0.467272874585813
187,GNP,GCA_SCA,0.420559210211371,0.457626996965584
188,GNP,GCA,0.402972441849662,0.438967801579153
188,GNP,GCA_SCA,0.410958498469864,0.447180085386141
189,GNP,GCA,0.349511131853987,0.380731080450966
189,GNP,GCA_SCA,0.359019175258795,0.390662867528613
190,GNP,GCA,0.145661606523138,0.158672773990347
190,GNP,GCA_SCA,0.159156453422889,0.173184388925886
191,GNP,GCA,0.376821606639214,0.410481052983894
191,GNP,GCA_SCA,0.374455519138621,0.407459759672058
192,GNP,GCA,0.394590019226011,0.429836622250557
192,GNP,GCA_SCA,0.397443109027431,0.432473459224626
193,GNP,GCA,0.369091105335503,0.402060027598587
193,GNP,GCA_SCA,0.365762860049436,0.398000935853576
194,GNP,GCA,0.471138163175389,0.513222399973191
194,GNP,GCA_SCA,0.470814443857328,0.512311690813197
195,GNP,GCA,0.191913117501354,0.209055683552674
195,GNP,GCA_SCA,0.189360608337847,0.206050716363272
196,GNP,GCA,0.413995700107927,0.45097570817857
196,GNP,GCA_SCA,0.41106132465813,0.447291974600795
197,GNP,GCA,0.314402222608203,0.342486081272553
197,GNP,GCA_SCA,0.300595915448897,0.327090223557015
198,GNP,GCA,0.280143263288809,0.305166953473648
198,GNP,GCA_SCA,0.28125569874195,0.306045374039119
199,GNP,GCA,0.350257803782138,0.381544448564421
199,GNP,GCA_SCA,0.346772192705902,0.377336444728946
200,GNP,GCA,0.177094239694437,0.192913115135553
200,GNP,GCA_SCA,0.17702982907576,0.192633111072644
201,GNP,GCA,0.424575621136119,0.462500676618866
201,GNP,GCA_SCA,0.425279931890968,0.46276379966373
202,GNP,GCA,0.290618516479377,0.31657790466163
202,GNP,GCA_SCA,0.290077512802243,0.315644736455107
203,GNP,GCA,0.396764529010047,0.43220536929199
203,GNP,GCA_SCA,0.405187322753921,0.440900242387292
204,GNP,GCA,0.321077792165173,0.349757943535047
204,GNP,GCA_SCA,0.323626155294844,0.352150332203312
205,GNP,GCA,0.406819747434181,0.443158766268171
205,GNP,GCA_SCA,0.407771259012792,0.443711924932309
206,GNP,GCA,0.346971365484443,0.377964450418783
206,GNP,GCA_SCA,0.355926275410598,0.38729736170903
207,GNP,GCA,0.365728621020843,0.398397190654513
207,GNP,GCA_SCA,0.351530803707917,0.382514476287179
208,GNP,GCA,0.210647694312243,0.229463719294383
208,GNP,GCA_SCA,0.204751467730591,0.222798115049609
209,GNP,GCA,0.499116502247859,0.543699893516187
209,GNP,GCA_SCA,0.499481117219093,0.543505024177468
210,GNP,GCA,0.531286932349331,0.578743935021058
210,GNP,GCA_SCA,0.52175991850224,0.567747463005702
211,GNP,GCA,0.364864216719105,0.397455573768088
211,GNP,GCA_SCA,0.373271885623367,0.406171801548821
212,GNP,GCA,0.388028568527394,0.422689072469928
212,GNP,GCA_SCA,0.394710323451448,0.429499807890585
213,GNP,GCA,0.35824405937731,0.390244073395762
213,GNP,GCA_SCA,0.349647489332234,0.380465167934966
214,GNP,GCA,0.382534334979041,0.41670406860462
214,GNP,GCA_SCA,0.3841547087971,0.418013828941349
215,GNP,GCA,0.145551320377666,0.158552636576978
215,GNP,GCA_SCA,0.146174133022899,0.159057816129379
216,GNP,GCA,0.560729337205946,0.610816271466172
216,GNP,GCA_SCA,0.558012837615701,0.607195688373995
217,GNP,GCA,0.572614911424418,0.623763520070172
217,GNP,GCA_SCA,0.571461341921048,0.621829534190477
218,GNP,GCA,0.388576405938804,0.423285845249242
218,GNP,GCA_SCA,0.389071204044304,0.423363660548753
219,GNP,GCA,0.507145732498963,0.552446331698217
219,GNP,GCA_SCA,0.498633484942142,0.542582682200372
220,GNP,GCA,0.35353706352928,0.385116626938213
220,GNP,GCA_SCA,0.361588579211368,0.393458736900292
221,GNP,GCA,0.289985043508603,0.315887846959262
221,GNP,GCA_SCA,0.287103547691807,0.312408648195655
222,GNP,GCA,0.262587391879774,0.286042910544416
222,GNP,GCA_SCA,0.260005408544324,0.282922098524836
