Seed,Trait,Method,Model,Predictive_ability,Prediction_accuracy
123,DTA,T1F,GCA,0.627371304254592,0.663884978047187
123,DTA,T1F,GCA+SCA,0.553833276081428,0.607273329036653
123,PH,T1F,GCA,-0.0847077139241337,-0.0886063953181315
123,PH,T1F,GCA+SCA,-0.0651912973078974,-0.0673463815164229
123,TGW,T1F,GCA,0.699356823257537,0.753617266441311
123,TGW,T1F,GCA+SCA,0.390304544271647,0.460808198667824
123,GY,T1F,GCA,-0.0367584307336667,-0.0471866890034232
123,GY,T1F,GCA+SCA,-0.0474724277285781,-0.0638929040761481
123,GNP,T1F,GCA,-0.0196885416879152,-0.0258719338868793
123,GNP,T1F,GCA+SCA,-0.00847543700518531,-0.0120560981581583
124,DTA,T1F,GCA,0.569356770864021,0.602493937422244
124,DTA,T1F,GCA+SCA,0.528660389240691,0.579671479430582
124,PH,T1F,GCA,-0.0262708080026526,-0.0274799246889672
124,PH,T1F,GCA+SCA,0.0331378746320032,0.0342333415619868
124,TGW,T1F,GCA,0.697360838300996,0.75146642058297
124,TGW,T1F,GCA+SCA,0.393013779969694,0.464006824049225
124,GY,T1F,GCA,0.0302878943781538,0.0388804805881307
124,GY,T1F,GCA+SCA,0.0255067462771762,0.0343294027956611
124,GNP,T1F,GCA,0.0329313771285776,0.0432738201426776
124,GNP,T1F,GCA+SCA,0.00923794140713848,0.0131407416886749
125,DTA,T1F,GCA,0.830208657250545,0.878527679630206
125,DTA,T1F,GCA+SCA,0.740021369521215,0.81142694026449
125,PH,T1F,GCA,0.126092709695296,0.131896139848636
125,PH,T1F,GCA+SCA,0.0281346800451256,0.0290647521127331
125,TGW,T1F,GCA,0.678934831591659,0.731610809904805
125,TGW,T1F,GCA+SCA,0.523314231402844,0.617844429047041
125,GY,T1F,GCA,0.198213801684083,0.254446471994972
125,GY,T1F,GCA+SCA,0.139173484537662,0.18731289978151
125,GNP,T1F,GCA,0.129476872914305,0.170140437469521
125,GNP,T1F,GCA+SCA,0.0966660355603538,0.137505029246591
126,DTA,T1F,GCA,0.643893700296002,0.681368995022224
126,DTA,T1F,GCA+SCA,0.569249958109028,0.624177585645864
126,PH,T1F,GCA,0.0179831854255393,0.0188108634158361
126,PH,T1F,GCA+SCA,0.0897645888628461,0.0927320132880642
126,TGW,T1F,GCA,0.696908960324552,0.750979483108353
126,TGW,T1F,GCA+SCA,0.474517437552823,0.560233102187512
126,GY,T1F,GCA,0.0369609042762353,0.0474466036922148
126,GY,T1F,GCA+SCA,0.0316204949398089,0.0425578666753821
126,GNP,T1F,GCA,0.0644106022665996,0.0846394247918524
126,GNP,T1F,GCA+SCA,0.0546083958839834,0.0776790837610006
127,DTA,T1F,GCA,0.69286088217143,0.733186118699926
127,DTA,T1F,GCA+SCA,0.648195138324303,0.710740283250332
127,PH,T1F,GCA,0.0893892909579753,0.0935034424246604
127,PH,T1F,GCA+SCA,0.14792429444621,0.152814353766745
127,TGW,T1F,GCA,0.603116176325812,0.649909672764884
127,TGW,T1F,GCA+SCA,0.389096417736129,0.459381839121758
127,GY,T1F,GCA,0.0201484796228002,0.0258645438033379
127,GY,T1F,GCA+SCA,0.00471499633014537,0.00634589008094935
127,GNP,T1F,GCA,0.0406629791557761,0.0534336125568675
127,GNP,T1F,GCA+SCA,-0.0165494039603262,-0.0235411151640486
128,DTA,T1F,GCA,0.626093912061572,0.662533240276796
128,DTA,T1F,GCA+SCA,0.536641451454868,0.58842264413911
128,PH,T1F,GCA,-0.190101864095943,-0.198851322276091
128,PH,T1F,GCA+SCA,-0.169287695684277,-0.174883983144914
128,TGW,T1F,GCA,0.688121860583825,0.741510625629122
128,TGW,T1F,GCA+SCA,0.438202134105503,0.517357891505907
128,GY,T1F,GCA,0.11104100315371,0.142543007899499
128,GY,T1F,GCA+SCA,0.100432125742288,0.135171097903483
128,GNP,T1F,GCA,0.0809041251449396,0.106312910834349
128,GNP,T1F,GCA+SCA,0.0717023502241549,0.101994808284715
129,DTA,T1F,GCA,0.596502956718781,0.631220060019874
129,DTA,T1F,GCA+SCA,0.554410186017898,0.60790590572138
129,PH,T1F,GCA,0.226995211141441,0.237442689478495
129,PH,T1F,GCA+SCA,0.170720793984022,0.176364456595064
129,TGW,T1F,GCA,0.522920173009844,0.563491565743367
129,TGW,T1F,GCA+SCA,0.29045891679846,0.342926702241393
129,GY,T1F,GCA,0.0814824667511771,0.104598801991242
129,GY,T1F,GCA+SCA,0.0811398515474786,0.10920572213658
129,GNP,T1F,GCA,0.0668778619285941,0.0878815531256164
129,GNP,T1F,GCA+SCA,0.0554499562444633,0.0788761824245566
130,DTA,T1F,GCA,0.510249769821402,0.539946846371854
130,DTA,T1F,GCA+SCA,0.481120563581909,0.527544477611742
130,PH,T1F,GCA,-0.00828992332374699,-0.00867146791186924
130,PH,T1F,GCA+SCA,0.0188844199186675,0.0195086982630863
130,TGW,T1F,GCA,0.728950617465413,0.785507130889454
130,TGW,T1F,GCA+SCA,0.471879023002103,0.557118090911574
130,GY,T1F,GCA,0.319142387677041,0.409682140792094
130,GY,T1F,GCA+SCA,0.273143758943852,0.367622824958078
130,GNP,T1F,GCA,0.282837268326058,0.371665267182731
130,GNP,T1F,GCA+SCA,0.209482209522697,0.29798322833954
131,DTA,T1F,GCA,0.65016098914163,0.68800104671072
131,DTA,T1F,GCA+SCA,0.593897416443092,0.65120330750339
131,PH,T1F,GCA,0.0642877999168105,0.067246652632647
131,PH,T1F,GCA+SCA,0.0792354388431337,0.0818547921933199
131,TGW,T1F,GCA,0.715501450684888,0.771014494272509
131,TGW,T1F,GCA+SCA,0.5640009294321,0.665880672292916
131,GY,T1F,GCA,-0.0730978542193676,-0.093835499639753
131,GY,T1F,GCA+SCA,-0.0766791992212708,-0.103202152383945
131,GNP,T1F,GCA,-0.0275340504228381,-0.0361814066003129
131,GNP,T1F,GCA+SCA,0.018505805956518,0.0263240483023016
132,DTA,T1F,GCA,0.646565874717658,0.684196692822919
132,DTA,T1F,GCA+SCA,0.540066843053402,0.592178555979607
132,PH,T1F,GCA,0.19028392809537,0.199041765790136
132,PH,T1F,GCA+SCA,0.213878857773039,0.220949233236611
132,TGW,T1F,GCA,0.712007818395578,0.767249804305579
132,TGW,T1F,GCA+SCA,0.361133362265469,0.426367605980483
132,GY,T1F,GCA,0.295245325765996,0.379005552973038
132,GY,T1F,GCA+SCA,0.170357417376438,0.229283199699109
132,GNP,T1F,GCA,0.255394215429686,0.335603436832702
132,GNP,T1F,GCA+SCA,0.179721855475781,0.255649865541651
133,DTA,T1F,GCA,0.605945365954285,0.641212027464852
133,DTA,T1F,GCA+SCA,0.499692406905809,0.547908340905492
133,PH,T1F,GCA,0.131774265881889,0.137839190253022
133,PH,T1F,GCA+SCA,0.119003578375838,0.122937580966775
133,TGW,T1F,GCA,0.640100509074109,0.689763479605721
133,TGW,T1F,GCA+SCA,0.451788000200314,0.533397875088918
133,GY,T1F,GCA,0.0868745404198506,0.111520591039603
133,GY,T1F,GCA+SCA,0.0658252275803361,0.0885938460031442
133,GNP,T1F,GCA,0.0966071882507519,0.126947684954996
133,GNP,T1F,GCA+SCA,0.0246685530218198,0.0350904025914934
134,DTA,T1F,GCA,0.55307216662866,0.585261551988
134,DTA,T1F,GCA+SCA,0.54934030447242,0.602346825079408
134,PH,T1F,GCA,0.186679038977712,0.195270961273757
134,PH,T1F,GCA+SCA,0.181251868957129,0.187243666278026
134,TGW,T1F,GCA,0.637715786528969,0.687193735483803
134,TGW,T1F,GCA+SCA,0.513705900895766,0.606500473312593
134,GY,T1F,GCA,0.0630539178727476,0.0809421282063512
134,GY,T1F,GCA+SCA,0.0600588345932601,0.0808328863973891
134,GNP,T1F,GCA,0.098537053556145,0.129483644620427
134,GNP,T1F,GCA+SCA,0.0713629318156389,0.10151199404785
135,DTA,T1F,GCA,0.557342331581171,0.58978024505944
135,DTA,T1F,GCA+SCA,0.527136457304577,0.578000501430457
135,PH,T1F,GCA,-0.0984590075239147,-0.102990593644262
135,PH,T1F,GCA+SCA,-0.0156894215363246,-0.0162080800995088
135,TGW,T1F,GCA,0.626755322294515,0.675382890403572
135,TGW,T1F,GCA+SCA,0.446133962345045,0.526722505720242
135,GY,T1F,GCA,0.112823903726918,0.144831712101306
135,GY,T1F,GCA+SCA,0.115338557690161,0.155233590430904
135,GNP,T1F,GCA,0.0765500633197163,0.100591410406986
135,GNP,T1F,GCA+SCA,0.0933478614666553,0.132785009198656
136,DTA,T1F,GCA,0.561374190158426,0.594046762072409
136,DTA,T1F,GCA+SCA,0.497796372120671,0.545829355395473
136,PH,T1F,GCA,0.0137773181419803,0.014411420650607
136,PH,T1F,GCA+SCA,-0.00168399714181951,-0.0017396664688218
136,TGW,T1F,GCA,0.641399114159712,0.691162838534173
136,TGW,T1F,GCA+SCA,0.444216165869746,0.524458283199228
136,GY,T1F,GCA,-0.0172072853167956,-0.0220889413566054
136,GY,T1F,GCA+SCA,-0.0251320952007491,-0.0338251617775897
136,GNP,T1F,GCA,0.0635630392206591,0.083525675717029
136,GNP,T1F,GCA+SCA,0.0425678455832689,0.060551700687438
137,DTA,T1F,GCA,0.523443014156839,0.553907951488719
137,DTA,T1F,GCA+SCA,0.481758226838458,0.52824366977901
137,PH,T1F,GCA,0.0291285165540743,0.0304691595753916
137,PH,T1F,GCA+SCA,0.125071103196402,0.12920568512025
137,TGW,T1F,GCA,0.655124496272039,0.7059531209828
137,TGW,T1F,GCA+SCA,0.412062291581212,0.486496212020321
137,GY,T1F,GCA,0.194878311448419,0.250164713027495
137,GY,T1F,GCA+SCA,0.166167792466026,0.223644404395729
137,GNP,T1F,GCA,0.0742501485741919,0.097569183408925
137,GNP,T1F,GCA+SCA,0.069318698048057,0.0986041224012191
138,DTA,T1F,GCA,0.602706712711031,0.637784881175694
138,DTA,T1F,GCA+SCA,0.557607039895119,0.611411227955175
138,PH,T1F,GCA,0.129005885276873,0.13494339464108
138,PH,T1F,GCA+SCA,0.116024871077489,0.11986040400567
138,TGW,T1F,GCA,0.644633253644825,0.69464790263451
138,TGW,T1F,GCA+SCA,0.431707844117687,0.509690488922889
138,GY,T1F,GCA,0.0569856178015192,0.0731522693215908
138,GY,T1F,GCA+SCA,0.0346940103428312,0.0466944957507822
138,GNP,T1F,GCA,0.0683311837490966,0.0897913058463819
138,GNP,T1F,GCA+SCA,-0.0110955921433935,-0.0157832036179139
139,DTA,T1F,GCA,0.667172049684887,0.706002168978716
139,DTA,T1F,GCA+SCA,0.608146042314968,0.666826800783956
139,PH,T1F,GCA,0.208541832921742,0.218139992595965
139,PH,T1F,GCA+SCA,0.238067552685022,0.245937554426675
139,TGW,T1F,GCA,0.671921644199919,0.724053495905085
139,TGW,T1F,GCA+SCA,0.435264466903171,0.513889571314252
139,GY,T1F,GCA,0.22343452702229,0.286822242647356
139,GY,T1F,GCA+SCA,0.213040751615244,0.286730486696156
139,GNP,T1F,GCA,0.187913739434294,0.246930012397233
139,GNP,T1F,GCA+SCA,0.128131504752995,0.182263875893308
140,DTA,T1F,GCA,0.634700986635811,0.671641255699271
140,DTA,T1F,GCA+SCA,0.544629720604977,0.597181711189667
140,PH,T1F,GCA,0.145263382379141,0.151949144748055
140,PH,T1F,GCA+SCA,0.18115059526807,0.187139044698419
140,TGW,T1F,GCA,0.529649258001989,0.570742734915936
140,TGW,T1F,GCA+SCA,0.353969900833288,0.417910154466692
140,GY,T1F,GCA,0.110241083768597,0.141516153746594
140,GY,T1F,GCA+SCA,0.118129876982996,0.158990413166885
140,GNP,T1F,GCA,0.210740050210905,0.276925164534698
140,GNP,T1F,GCA+SCA,0.159492054267085,0.226873476909082
141,DTA,T1F,GCA,0.598963511535564,0.633823821730756
141,DTA,T1F,GCA+SCA,0.538308801674374,0.590250879028919
141,PH,T1F,GCA,0.0728642696779353,0.0762178553116478
141,PH,T1F,GCA+SCA,0.0997645535804872,0.103062555351743
141,TGW,T1F,GCA,0.714219294527284,0.769632860481987
141,TGW,T1F,GCA+SCA,0.561986086032652,0.663501872529695
141,GY,T1F,GCA,0.0499752852474913,0.0641531261200145
141,GY,T1F,GCA+SCA,0.00869094790434335,0.0116971035051727
141,GNP,T1F,GCA,0.119754062615256,0.15736407702399
141,GNP,T1F,GCA+SCA,0.0598055396167108,0.0850718913466726
142,DTA,T1F,GCA,0.577694760890734,0.611317207291782
142,DTA,T1F,GCA+SCA,0.524583203512123,0.575200881043995
142,PH,T1F,GCA,-0.043173881328862,-0.0451609637331192
142,PH,T1F,GCA+SCA,-0.00523737432950434,-0.00541051067097556
142,TGW,T1F,GCA,0.599461714253677,0.645971674842324
142,TGW,T1F,GCA+SCA,0.266919671898002,0.315135385948055
142,GY,T1F,GCA,0.226698406361134,0.291012074918015
142,GY,T1F,GCA+SCA,0.193803247808046,0.260838826121192
142,GNP,T1F,GCA,0.151198962954809,0.198684576813153
142,GNP,T1F,GCA+SCA,0.106414343351584,0.151371754411926
143,DTA,T1F,GCA,0.609151855532969,0.644605138130126
143,DTA,T1F,GCA+SCA,0.550013777707673,0.603085282574202
143,PH,T1F,GCA,0.0890487215869255,0.0931471983126836
143,PH,T1F,GCA+SCA,0.192672064072133,0.19904138850427
143,TGW,T1F,GCA,0.700167337159454,0.754490665042515
143,TGW,T1F,GCA+SCA,0.462435743431364,0.545969000509285
143,GY,T1F,GCA,0.124411406995207,0.159706555834668
143,GY,T1F,GCA+SCA,0.0535148268982723,0.0720253390286303
143,GNP,T1F,GCA,0.170525982696542,0.22408144900991
143,GNP,T1F,GCA+SCA,0.0012457839403675,0.00177209664348151
144,DTA,T1F,GCA,0.616657297158674,0.652547404400713
144,DTA,T1F,GCA+SCA,0.554372162387719,0.607864213144429
144,PH,T1F,GCA,0.136080476947935,0.142343595133823
144,PH,T1F,GCA+SCA,0.131450833228592,0.135796315318793
144,TGW,T1F,GCA,0.590543900110351,0.636361961325809
144,TGW,T1F,GCA+SCA,0.4072906638104,0.4808626491268
144,GY,T1F,GCA,0.162338748738393,0.208393772449799
144,GY,T1F,GCA+SCA,0.153696571012372,0.206859449545588
144,GNP,T1F,GCA,0.136661358861334,0.179581286282962
144,GNP,T1F,GCA+SCA,0.11978277182628,0.170388011132689
145,DTA,T1F,GCA,0.65509010549022,0.693217042846794
145,DTA,T1F,GCA+SCA,0.550000268834487,0.603070470213253
145,PH,T1F,GCA,-0.0990492467404385,-0.103607998682467
145,PH,T1F,GCA+SCA,-0.0487211004646818,-0.0503317153560763
145,TGW,T1F,GCA,0.72498617078372,0.781235097827284
145,TGW,T1F,GCA+SCA,0.407127294607312,0.480669769312057
145,GY,T1F,GCA,0.132380317876075,0.169936223204204
145,GY,T1F,GCA+SCA,0.0856988864484092,0.115341704506607
145,GNP,T1F,GCA,0.182294979177096,0.239546621783307
145,GNP,T1F,GCA+SCA,0.11144517407089,0.158527985876089
146,DTA,T1F,GCA,0.521391327597241,0.551736854600255
146,DTA,T1F,GCA+SCA,0.459759547782234,0.50412231116473
146,PH,T1F,GCA,0.0264691091085213,0.0276873526239763
146,PH,T1F,GCA+SCA,0.0332182656022746,0.0343163900849945
146,TGW,T1F,GCA,0.663956545857793,0.715470415795036
146,TGW,T1F,GCA+SCA,0.502784953212717,0.593606792458934
146,GY,T1F,GCA,0.271438589634922,0.348444916091043
146,GY,T1F,GCA+SCA,0.264500558990083,0.355989985181808
146,GNP,T1F,GCA,0.263186621363123,0.34584312925509
146,GNP,T1F,GCA+SCA,0.210831007189794,0.299901859444942
147,DTA,T1F,GCA,0.570670143095957,0.603883749307891
147,DTA,T1F,GCA+SCA,0.499914972484884,0.548152382110618
147,PH,T1F,GCA,0.00879719659436789,0.00920208848783252
147,PH,T1F,GCA+SCA,0.100124876625441,0.103434789902315
147,TGW,T1F,GCA,0.642361359374982,0.692199740705799
147,TGW,T1F,GCA+SCA,0.37779523153845,0.446039234401948
147,GY,T1F,GCA,0.130842787934652,0.167962500557961
147,GY,T1F,GCA+SCA,0.124991839544792,0.168225894407526
147,GNP,T1F,GCA,0.103989970459134,0.136649107042226
147,GNP,T1F,GCA+SCA,0.0476841449763105,0.0678295092123904
148,DTA,T1F,GCA,0.543022251735131,0.574626721412838
148,DTA,T1F,GCA+SCA,0.498829379824788,0.546962039281566
148,PH,T1F,GCA,-0.0681711873324183,-0.0713087733602702
148,PH,T1F,GCA+SCA,0.0132610438115669,0.0136994254251724
148,TGW,T1F,GCA,0.661664386478019,0.713000416463382
148,TGW,T1F,GCA+SCA,0.467130665986059,0.551512002344816
148,GY,T1F,GCA,0.145522221912735,0.186806446614551
148,GY,T1F,GCA+SCA,0.144478928442237,0.194453470312567
148,GNP,T1F,GCA,0.212113541975741,0.278730015736848
148,GNP,T1F,GCA+SCA,0.196253402206286,0.279165579240805
149,DTA,T1F,GCA,0.609663888750342,0.645146972222584
149,DTA,T1F,GCA+SCA,0.524006982659747,0.574569059933934
149,PH,T1F,GCA,0.0541717209166036,0.0566649800382883
149,PH,T1F,GCA+SCA,0.0596524168340548,0.0616243975558418
149,TGW,T1F,GCA,0.719728580738656,0.775569591313206
149,TGW,T1F,GCA+SCA,0.49678052045271,0.586517733710402
149,GY,T1F,GCA,0.0185993353085814,0.0238759118210287
149,GY,T1F,GCA+SCA,0.0175187483415479,0.0235783961528235
149,GNP,T1F,GCA,0.0952872363027321,0.125213188308452
149,GNP,T1F,GCA+SCA,0.0838459250003713,0.119268741110059
150,DTA,T1F,GCA,0.60912544809208,0.644577193748233
150,DTA,T1F,GCA+SCA,0.571869596368356,0.627049996017934
150,PH,T1F,GCA,0.0688973945543512,0.0720684043455557
150,PH,T1F,GCA+SCA,0.112434322291179,0.116151159391714
150,TGW,T1F,GCA,0.731677504976038,0.788445587258662
150,TGW,T1F,GCA+SCA,0.52431176881793,0.61902215917111
150,GY,T1F,GCA,0.0459776550268696,0.0590213800088185
150,GY,T1F,GCA+SCA,0.0563059330274061,0.0757818748686488
150,GNP,T1F,GCA,0.119493698794123,0.157021943224865
150,GNP,T1F,GCA+SCA,0.120287485787745,0.171105954178869
151,DTA,T1F,GCA,0.613620386905977,0.649333742757648
151,DTA,T1F,GCA+SCA,0.530258992349656,0.581424333716728
151,PH,T1F,GCA,0.0466956173519162,0.048844788025017
151,PH,T1F,GCA+SCA,0.102620437700015,0.106012848863652
151,TGW,T1F,GCA,0.756118974233519,0.814783377406809
151,TGW,T1F,GCA+SCA,0.508015607945623,0.599782299817737
151,GY,T1F,GCA,0.0436248077611322,0.0560010369205805
151,GY,T1F,GCA+SCA,0.0129439253384309,0.0174211646546849
151,GNP,T1F,GCA,0.0747122236274822,0.0981763779598977
151,GNP,T1F,GCA+SCA,0.000813113650105805,0.0011566339261818
152,DTA,T1F,GCA,0.572526741023315,0.605848403199275
152,DTA,T1F,GCA+SCA,0.525413714523944,0.576111529083272
152,PH,T1F,GCA,0.0749018757946402,0.0783492424630128
152,PH,T1F,GCA+SCA,0.0937102929363501,0.0968081538598658
152,TGW,T1F,GCA,0.631836791714088,0.68085861176087
152,TGW,T1F,GCA+SCA,0.503291121529731,0.594204393777723
152,GY,T1F,GCA,0.10884795535754,0.139727798918536
152,GY,T1F,GCA+SCA,0.095473209785455,0.128496917611649
152,GNP,T1F,GCA,0.0867337894447985,0.113973442108802
152,GNP,T1F,GCA+SCA,0.0422114200686103,0.0600446942654485
153,DTA,T1F,GCA,0.665137185909549,0.703848873978359
153,DTA,T1F,GCA+SCA,0.596683940057196,0.654258706203065
153,PH,T1F,GCA,0.0716226722631429,0.0749191132459654
153,PH,T1F,GCA+SCA,0.100086000387173,0.103394628499146
153,TGW,T1F,GCA,0.661065632739613,0.712355207693548
153,TGW,T1F,GCA+SCA,0.474622574184824,0.560357230442532
153,GY,T1F,GCA,0.173031091927463,0.22211950183243
153,GY,T1F,GCA+SCA,0.136901317283789,0.184254801189488
153,GNP,T1F,GCA,0.171899046105245,0.225885737326208
153,GNP,T1F,GCA+SCA,0.095160593004874,0.135363574686876
154,DTA,T1F,GCA,0.562261097783771,0.594985288660075
154,DTA,T1F,GCA+SCA,0.469454954717172,0.51475323982146
154,PH,T1F,GCA,-0.058447874668238,-0.0611379442136381
154,PH,T1F,GCA+SCA,-0.0323366051797276,-0.033405583863355
154,TGW,T1F,GCA,0.686915081131264,0.740210216736275
154,TGW,T1F,GCA+SCA,0.390643747622964,0.461208674879532
154,GY,T1F,GCA,0.171834715476121,0.220583716914147
154,GY,T1F,GCA+SCA,0.186446044636634,0.250936803010275
154,GNP,T1F,GCA,0.128921572981653,0.169410739791923
154,GNP,T1F,GCA+SCA,0.147776918870141,0.210208988435478
155,DTA,T1F,GCA,0.625038716761902,0.661416631494076
155,DTA,T1F,GCA+SCA,0.528254275229007,0.579226178979174
155,PH,T1F,GCA,0.210731746646236,0.220430697328698
155,PH,T1F,GCA+SCA,0.16713460839153,0.172659719412738
155,TGW,T1F,GCA,0.630991427702303,0.679947659161965
155,TGW,T1F,GCA+SCA,0.466024613709881,0.55020615550163
155,GY,T1F,GCA,0.0868902494046576,0.111540756617019
155,GY,T1F,GCA+SCA,0.0709485025416424,0.0954892362606223
155,GNP,T1F,GCA,0.116843128309726,0.153538933389916
155,GNP,T1F,GCA+SCA,0.122146310977315,0.173750086738713
156,DTA,T1F,GCA,0.655981645880769,0.694160471831502
156,DTA,T1F,GCA+SCA,0.605216175503719,0.663614227526007
156,PH,T1F,GCA,0.101049602262943,0.105700420777137
156,PH,T1F,GCA+SCA,0.0229151793178862,0.0236727059069073
156,TGW,T1F,GCA,0.662455096493389,0.7138524746696
156,TGW,T1F,GCA+SCA,0.367347939003275,0.433704768598908
156,GY,T1F,GCA,0.301473762184714,0.387000978414268
156,GY,T1F,GCA+SCA,0.203396655544569,0.273750545820416
156,GNP,T1F,GCA,0.219916635388243,0.288983752152751
156,GNP,T1F,GCA+SCA,0.0647907246182901,0.0921631929136417
157,DTA,T1F,GCA,0.608114013001987,0.643506892065595
157,DTA,T1F,GCA+SCA,0.575557803574255,0.631094082866507
157,PH,T1F,GCA,-0.0174523067323296,-0.0182555509752402
157,PH,T1F,GCA+SCA,0.0298059865459809,0.0307913084152695
157,TGW,T1F,GCA,0.6487211273916,0.699052938999569
157,TGW,T1F,GCA+SCA,0.503017622369565,0.593881490400904
157,GY,T1F,GCA,-0.0154768350486835,-0.0198675674565899
157,GNP,T1F,GCA,0.00164154093963993,0.00215708402055181
157,GNP,T1F,GCA+SCA,0.00117676554347795,0.00167391969200277
158,DTA,T1F,GCA,0.568700867338407,0.601799859617362
158,DTA,T1F,GCA+SCA,0.482568600051266,0.529132236898318
158,PH,T1F,GCA,0.133445135683581,0.139586962012114
158,PH,T1F,GCA+SCA,0.0981459004620916,0.101390393039351
158,TGW,T1F,GCA,0.627951775807654,0.676672172206524
158,TGW,T1F,GCA+SCA,0.473083675546467,0.558540348933255
158,GY,T1F,GCA,0.095055351972412,0.122022274675753
158,GY,T1F,GCA+SCA,0.0676337255943483,0.0910278944742238
158,GNP,T1F,GCA,0.0273243508930746,0.0359058487425422
158,GNP,T1F,GCA+SCA,-0.00233946409915947,-0.00332782944403908
159,DTA,T1F,GCA,0.62799400978755,0.664543925701111
159,DTA,T1F,GCA+SCA,0.589065957659345,0.645905655328229
159,PH,T1F,GCA,0.0494212666455268,0.0516958856124757
159,PH,T1F,GCA+SCA,0.158253893526831,0.16348542719714
159,TGW,T1F,GCA,0.70201955094156,0.756486585066337
159,TGW,T1F,GCA+SCA,0.465759453460001,0.549893097355373
159,GY,T1F,GCA,0.132407175742367,0.169970700567866
159,GY,T1F,GCA+SCA,0.119866785434252,0.161328109601954
159,GNP,T1F,GCA,0.0746136879712965,0.0980468961515066
159,GNP,T1F,GCA+SCA,0.0951464680315609,0.135343482263956
160,DTA,T1F,GCA,0.66405110936321,0.702699586627735
160,DTA,T1F,GCA+SCA,0.591801568751906,0.648905228894633
160,PH,T1F,GCA,0.136966438570838,0.143270333233094
160,PH,T1F,GCA+SCA,0.109840695191108,0.113471792552797
160,TGW,T1F,GCA,0.530455468694132,0.571611496437642
160,TGW,T1F,GCA+SCA,0.418145986846604,0.493678851058564
160,GY,T1F,GCA,0.213685295039952,0.274307182336268
160,GY,T1F,GCA+SCA,0.197211786112591,0.265426360851401
160,GNP,T1F,GCA,0.206630559742564,0.271525045653829
160,GNP,T1F,GCA+SCA,0.12787676800085,0.181901519204623
161,DTA,T1F,GCA,0.583512953554705,0.617474024925614
161,DTA,T1F,GCA+SCA,0.491930907326892,0.53939792470054
161,PH,T1F,GCA,-0.021188579382501,-0.0221637859649592
161,PH,T1F,GCA+SCA,0.0842465113562175,0.0870315199960924
161,TGW,T1F,GCA,0.743057187984118,0.800708176707024
161,TGW,T1F,GCA+SCA,0.579925561939163,0.684681891309519
161,GY,T1F,GCA,0.262202629027456,0.336588740728441
161,GY,T1F,GCA+SCA,0.206185663620025,0.277504257900438
161,GNP,T1F,GCA,0.259907130868116,0.341533680510008
161,GNP,T1F,GCA+SCA,0.154339334719889,0.219543861621464
162,DTA,T1F,GCA,0.636416023582802,0.673456109611431
162,DTA,T1F,GCA+SCA,0.542098777618359,0.594406554406095
162,PH,T1F,GCA,-0.199145486903455,-0.208311178769304
162,PH,T1F,GCA+SCA,-0.158044456244067,-0.163269066367838
162,TGW,T1F,GCA,0.526894096564143,0.567773810952741
162,TGW,T1F,GCA+SCA,0.462950599430088,0.546576858831272
162,GY,T1F,GCA,-0.0177158318109463,-0.0227417609896615
162,GY,T1F,GCA+SCA,-0.0207185822484777,-0.0278850366735904
162,GNP,T1F,GCA,-0.00471061774871028,-0.00619003646348263
162,GNP,T1F,GCA+SCA,-0.000905218768261297,-0.00128765116395633
163,DTA,T1F,GCA,0.489543557259546,0.518035510327562
163,DTA,T1F,GCA+SCA,0.455333474036521,0.499269160127764
163,PH,T1F,GCA,-0.0358876356994846,-0.0375393678864902
163,PH,T1F,GCA+SCA,-0.0203489431035264,-0.0210216354375273
163,TGW,T1F,GCA,0.718372816032841,0.774108637966424
163,TGW,T1F,GCA+SCA,0.319231048904542,0.376896161634642
163,GY,T1F,GCA,0.129033341211029,0.165639719141244
163,GY,T1F,GCA+SCA,0.100657799169471,0.135474830645318
163,GNP,T1F,GCA,0.140683055670701,0.184866038989095
163,GNP,T1F,GCA+SCA,0.0769711532144995,0.109489549380511
164,DTA,T1F,GCA,0.666029888746907,0.70479353306551
164,DTA,T1F,GCA+SCA,0.590638694179743,0.647630147126911
164,PH,T1F,GCA,0.0154208601373784,0.016130606838262
164,PH,T1F,GCA+SCA,0.0574807768242508,0.0593809677936475
164,TGW,T1F,GCA,0.688695437851761,0.742128704581639
164,TGW,T1F,GCA+SCA,0.371958044471584,0.439147632197856
164,GY,T1F,GCA,0.0355937707581082,0.0456916184314611
164,GY,T1F,GCA+SCA,-0.00741847788616371,-0.00998449244436569
164,GNP,T1F,GCA,0.0617960550519575,0.0812037517108509
164,GNP,T1F,GCA+SCA,0.00795970461070327,0.0113224816652963
165,DTA,T1F,GCA,0.605817925609591,0.641077169957239
165,DTA,T1F,GCA+SCA,0.517193058589533,0.567097651962208
165,PH,T1F,GCA,0.26927714770994,0.281670656600356
165,PH,T1F,GCA+SCA,0.273532265464087,0.282574654405048
165,TGW,T1F,GCA,0.723121870356237,0.779226153401118
165,TGW,T1F,GCA+SCA,0.347993420140684,0.410854096978375
165,GY,T1F,GCA,0.0375114971207,0.0481533981010269
165,GY,T1F,GCA+SCA,0.0308616633633345,0.0415365590354435
165,GNP,T1F,GCA,0.0425992589267079,0.0559780012177502
165,GNP,T1F,GCA+SCA,0.0618316855970543,0.0879540335662223
166,DTA,T1F,GCA,0.571906519193502,0.605192083802648
166,DTA,T1F,GCA+SCA,0.509569448865216,0.558738430773263
166,PH,T1F,GCA,0.0464071676308221,0.048543062375337
166,PH,T1F,GCA+SCA,0.0644395679294692,0.0665698015800301
166,TGW,T1F,GCA,0.617683152121259,0.665606844958254
166,TGW,T1F,GCA+SCA,0.401175168135876,0.473642465331612
166,GY,T1F,GCA,0.155442542480681,0.199541132837845
166,GY,T1F,GCA+SCA,0.129111518389516,0.173770549649416
166,GNP,T1F,GCA,0.115390033654722,0.151629479178347
166,GNP,T1F,GCA+SCA,0.0628554150749013,0.0894102632644399
167,DTA,T1F,GCA,0.72728837434338,0.769617327347492
167,DTA,T1F,GCA+SCA,0.637642283682278,0.699169170704252
167,PH,T1F,GCA,0.269810501760261,0.282228558326632
167,PH,T1F,GCA+SCA,0.220638325094264,0.227932154023
167,TGW,T1F,GCA,0.656386324402639,0.70731284957181
167,TGW,T1F,GCA+SCA,0.34931137025486,0.412410118364652
167,GY,T1F,GCA,0.257870615095596,0.331027747234398
167,GY,T1F,GCA+SCA,0.221114556320563,0.297596980243019
167,GNP,T1F,GCA,0.283672038584775,0.37276220576186
167,GNP,T1F,GCA+SCA,0.154796833262822,0.22019464191013
168,DTA,T1F,GCA,0.604940062213094,0.640148213982111
168,DTA,T1F,GCA+SCA,0.511956416240028,0.561355719561434
168,PH,T1F,GCA,0.0080562130264516,0.00842700107369414
168,PH,T1F,GCA+SCA,0.07217487103875,0.0745608171887913
168,TGW,T1F,GCA,0.659662725595826,0.710843454305847
168,TGW,T1F,GCA+SCA,0.250047024335912,0.295214904764949
168,GY,T1F,GCA,-0.0420994189736899,-0.0540428998378562
168,GY,T1F,GCA+SCA,-0.108731189986887,-0.146340767142513
168,GNP,T1F,GCA,-0.0093339629174241,-0.0122653914815034
168,GNP,T1F,GCA+SCA,-0.0868976270906012,-0.123609711366431
169,DTA,T1F,GCA,0.60807749449948,0.643468248147598
169,DTA,T1F,GCA+SCA,0.562109633815918,0.616348282692893
169,PH,T1F,GCA,-0.0104643820002592,-0.0109460062764218
169,PH,T1F,GCA+SCA,0.0503279845223347,0.0519917195478665
169,TGW,T1F,GCA,0.745699867866175,0.803555892097171
169,TGW,T1F,GCA+SCA,0.469088418128436,0.553823398026489
169,GY,T1F,GCA,0.039308223450539,0.0504598503858011
169,GY,T1F,GCA+SCA,0.0223532386546804,0.0300851125904178
169,GNP,T1F,GCA,0.0899271249232236,0.118169677954302
169,GNP,T1F,GCA+SCA,0.0562845701228798,0.0800633998902984
170,DTA,T1F,GCA,0.599906545307777,0.634821741066431
170,DTA,T1F,GCA+SCA,0.51719783507743,0.567102889339287
170,PH,T1F,GCA,0.126163272842,0.131969950671548
170,PH,T1F,GCA+SCA,0.0479749783248502,0.0495609280215394
170,TGW,T1F,GCA,0.707020552656444,0.761875595534961
170,TGW,T1F,GCA+SCA,0.403240886419524,0.476081329893181
170,GY,T1F,GCA,0.0117963148333355,0.0151428945228953
170,GY,T1F,GCA+SCA,0.00813594789754107,0.010950131759813
170,GNP,T1F,GCA,0.0352331611865851,0.0462985035303352
170,GNP,T1F,GCA+SCA,0.0454803207948154,0.0646946241747019
171,DTA,T1F,GCA,0.615887271003778,0.65173256190876
171,DTA,T1F,GCA+SCA,0.529870587109945,0.580998450778448
171,PH,T1F,GCA,0.200854965099832,0.210099335878486
171,PH,T1F,GCA+SCA,0.176686074299252,0.182526936259558
171,TGW,T1F,GCA,0.575794157635046,0.620467842279145
171,TGW,T1F,GCA+SCA,0.31598235417148,0.373060630662905
171,GY,T1F,GCA,0.357354670909586,0.458735135955823
171,GY,T1F,GCA+SCA,0.32614685394177,0.43895942657035
171,GNP,T1F,GCA,0.261420491639646,0.343522328041585
171,GNP,T1F,GCA+SCA,0.192307731031807,0.273552960215942
172,DTA,T1F,GCA,0.547017717349116,0.578854727353562
172,DTA,T1F,GCA+SCA,0.52573112163886,0.576459563200505
172,PH,T1F,GCA,-0.0342918220158025,-0.0358701067110905
172,PH,T1F,GCA+SCA,0.0779110790741024,0.0804866519360562
172,TGW,T1F,GCA,0.648971304960505,0.699322526897096
172,TGW,T1F,GCA+SCA,0.499309399754155,0.589503423558624
172,GY,T1F,GCA,0.14888063956238,0.191117637435661
172,GY,T1F,GCA+SCA,0.114044597464737,0.153492055807183
172,GNP,T1F,GCA,0.138585886126502,0.18211023144087
172,GNP,T1F,GCA+SCA,0.066900727404921,0.0951646193526615
173,DTA,T1F,GCA,0.671918329932917,0.7110246877597
173,DTA,T1F,GCA+SCA,0.615163959757711,0.674521885699245
173,PH,T1F,GCA,0.159119634675055,0.166443132505287
173,PH,T1F,GCA+SCA,0.150790426931918,0.1557752344338
173,TGW,T1F,GCA,0.715084338136126,0.77056501954324
173,TGW,T1F,GCA+SCA,0.555955375066145,0.656381788743973
173,GY,T1F,GCA,0.07486228950958,0.0961005000122978
173,GY,T1F,GCA+SCA,0.0233708717705293,0.0314547399334177
173,GNP,T1F,GCA,0.043370792460968,0.0569918429184862
173,GNP,T1F,GCA+SCA,0.00848909736360289,0.0120755296779557
174,DTA,T1F,GCA,0.711973965414289,0.753411603613004
174,DTA,T1F,GCA+SCA,0.58900940320358,0.645843643863575
174,PH,T1F,GCA,-0.0635293629116191,-0.0664533084849572
174,PH,T1F,GCA+SCA,-0.0397401584457837,-0.0410538826919254
174,TGW,T1F,GCA,0.743759613006671,0.801465100222706
174,TGW,T1F,GCA+SCA,0.367182437354696,0.433509371138957
174,GY,T1F,GCA,0.195950548826026,0.251541140983345
174,GY,T1F,GCA+SCA,0.173231867076709,0.233151907236486
174,GNP,T1F,GCA,0.26015820084903,0.3418636016413
174,GNP,T1F,GCA+SCA,0.119350570747497,0.169773215857037
175,DTA,T1F,GCA,0.507005110883452,0.536513344850214
175,DTA,T1F,GCA+SCA,0.464191266020376,0.508981651338131
175,PH,T1F,GCA,0.0531111132201539,0.0555555577616672
175,PH,T1F,GCA+SCA,0.0863161250483304,0.0891695506697628
175,TGW,T1F,GCA,0.699754622645334,0.754045929574714
175,TGW,T1F,GCA+SCA,0.371297655076459,0.438367951684131
175,GY,T1F,GCA,-0.0168506965702536,-0.0216311894354988
175,GY,T1F,GCA+SCA,-0.0349196830164061,-0.0469982274783393
175,GNP,T1F,GCA,0.0329956564599574,0.0433582870695892
175,GNP,T1F,GCA+SCA,0.0055881544223849,0.00794901055815776
176,DTA,T1F,GCA,0.599273686442935,0.634152049145963
176,DTA,T1F,GCA+SCA,0.47537996028866,0.521249956456864
176,PH,T1F,GCA,-0.050536658411126,-0.0528626134007594
176,PH,T1F,GCA+SCA,-0.0187646489595297,-0.0193849679333985
176,TGW,T1F,GCA,0.777695117912959,0.838033532233792
176,TGW,T1F,GCA+SCA,0.401880947964719,0.474475735495536
176,GY,T1F,GCA,0.0682530682177653,0.0876162621537423
176,GY,T1F,GCA+SCA,0.0330913368218753,0.0445374654399398
176,GNP,T1F,GCA,0.0239207100427977,0.0314332589261467
176,GNP,T1F,GCA+SCA,0.045214617034888,0.0643166671904524
177,DTA,T1F,GCA,0.667005711950725,0.705826150212407
177,DTA,T1F,GCA+SCA,0.588550656799509,0.645340632455602
177,PH,T1F,GCA,0.0503539177355454,0.0526714620664701
177,PH,T1F,GCA+SCA,0.0770657678721055,0.0796133965620924
177,TGW,T1F,GCA,0.559180205002323,0.60256487608009
177,TGW,T1F,GCA+SCA,0.389259696799218,0.459574612513834
177,GY,T1F,GCA,0.140395037404482,0.180224694999335
177,GY,T1F,GCA+SCA,0.118731786356838,0.159800519995744
177,GNP,T1F,GCA,0.153112864063928,0.201199558559695
177,GNP,T1F,GCA+SCA,0.0638670511069594,0.0908492903370689
178,DTA,T1F,GCA,0.550526253425479,0.582567463942306
178,DTA,T1F,GCA+SCA,0.507453798916579,0.556418639162915
178,PH,T1F,GCA,0.116930258266912,0.122311985634845
178,PH,T1F,GCA+SCA,0.128447830132016,0.132694039392579
178,TGW,T1F,GCA,0.619934133873248,0.668032471846173
178,TGW,T1F,GCA+SCA,0.423225673003779,0.499676119248854
178,GY,T1F,GCA,0.16215880712342,0.208162781929936
178,GY,T1F,GCA+SCA,0.154594422978842,0.208067864036126
178,GNP,T1F,GCA,0.0876747003558588,0.115209855920971
178,GNP,T1F,GCA+SCA,0.0841987908216638,0.119770683956848
179,DTA,T1F,GCA,0.598791379615883,0.633641671551199
179,DTA,T1F,GCA+SCA,0.569341700959202,0.624278180876318
179,PH,T1F,GCA,0.200675649706573,0.209911767475495
179,PH,T1F,GCA+SCA,0.171608405674158,0.177281410820411
179,TGW,T1F,GCA,0.698242139466968,0.752416098563544
179,TGW,T1F,GCA+SCA,0.474059110215434,0.559691983725423
179,GY,T1F,GCA,0.212102984564251,0.272275975050386
179,GY,T1F,GCA+SCA,0.178039904865906,0.239623021353844
179,GNP,T1F,GCA,0.183274177732555,0.24083334787458
179,GNP,T1F,GCA+SCA,0.104746088279409,0.148998703100155
180,DTA,T1F,GCA,0.637451772337271,0.67455214003944
180,DTA,T1F,GCA+SCA,0.587216654150357,0.643877910252584
180,PH,T1F,GCA,0.112135203836196,0.117296238322381
180,PH,T1F,GCA+SCA,0.130199850265523,0.134503977547028
180,TGW,T1F,GCA,0.461813706767812,0.497644080568763
180,TGW,T1F,GCA+SCA,0.409176020456179,0.483088571967154
180,GY,T1F,GCA,-0.0136100198581016,-0.0174711423082177
180,GY,T1F,GCA+SCA,-0.0786057594354617,-0.105795100182317
180,GNP,T1F,GCA,-0.0322112507541939,-0.0423275305574164
180,GNP,T1F,GCA+SCA,-0.15515752284419,-0.220707713860868
181,DTA,T1F,GCA,0.593635271170176,0.628185472137753
181,DTA,T1F,GCA+SCA,0.547217662081685,0.600019366317637
181,PH,T1F,GCA,0.156236493152168,0.163427294092226
181,PH,T1F,GCA+SCA,0.12211936542019,0.126156369235734
181,TGW,T1F,GCA,0.6107676816994,0.658154829417457
181,TGW,T1F,GCA+SCA,0.379382232397316,0.44791290719872
181,GY,T1F,GCA,0.0896085213224612,0.115030194252197
181,GY,T1F,GCA+SCA,0.0679741611697272,0.0914860850198213
181,GNP,T1F,GCA,-0.0143415119640271,-0.018845613618958
181,GNP,T1F,GCA+SCA,0.0093606281386176,0.0133152605101246
182,DTA,T1F,GCA,0.494001322465478,0.522752722185691
182,DTA,T1F,GCA+SCA,0.46170091216019,0.506251000175647
182,PH,T1F,GCA,0.0315421594422069,0.0329938906299235
182,PH,T1F,GCA+SCA,0.0750982422970506,0.0775808288192671
182,TGW,T1F,GCA,0.501409863904638,0.540312353345515
182,TGW,T1F,GCA+SCA,0.357205744064459,0.421730512472797
182,GY,T1F,GCA,0.207033740582147,0.265768601517518
182,GY,T1F,GCA+SCA,0.144529441842974,0.194521456047072
182,GNP,T1F,GCA,0.171510240197131,0.225374822860881
182,GNP,T1F,GCA+SCA,0.0344499932547628,0.049004257830388
183,DTA,T1F,GCA,0.562429911981213,0.595163928022447
183,DTA,T1F,GCA+SCA,0.521342923009027,0.571647941895863
183,PH,T1F,GCA,0.0105377245737421,0.011022724449521
183,PH,T1F,GCA+SCA,0.0136495928615621,0.0141008190718617
183,TGW,T1F,GCA,0.647392003040099,0.697620692931141
183,TGW,T1F,GCA+SCA,0.40863123386652,0.482445376465785
183,GY,T1F,GCA,0.0996889728741151,0.127970440146489
183,GY,T1F,GCA+SCA,0.0974306209873478,0.131131387600737
183,GNP,T1F,GCA,0.0563716462224944,0.0740757506208862
183,GNP,T1F,GCA+SCA,0.07861452887807,0.111827210352873
184,DTA,T1F,GCA,0.676579122985938,0.715956743900464
184,DTA,T1F,GCA+SCA,0.570249818704271,0.625273924017841
184,PH,T1F,GCA,0.117304250394216,0.122703190788929
184,PH,T1F,GCA+SCA,0.13243173189568,0.136809640388099
184,TGW,T1F,GCA,0.644472348981626,0.694474513988822
184,TGW,T1F,GCA+SCA,0.445170179289883,0.525584627260783
184,GY,T1F,GCA,0.0352729457488163,0.04527977631427
184,GY,T1F,GCA+SCA,-0.00482590517041284,-0.00649516173676021
184,GNP,T1F,GCA,-0.00137919445765169,-0.00181234488521904
184,GNP,T1F,GCA+SCA,-0.0518855391095273,-0.0738058877802664
185,DTA,T1F,GCA,0.679690841223197,0.719249567431955
185,DTA,T1F,GCA+SCA,0.635988403482443,0.697355705572854
185,PH,T1F,GCA,-0.00195079918851186,-0.00204058492522162
185,PH,T1F,GCA+SCA,0.0549810890819283,0.0567986457457937
185,TGW,T1F,GCA,0.714566352994446,0.770006845899188
185,TGW,T1F,GCA+SCA,0.35219632362162,0.415816202622928
185,GY,T1F,GCA,0.241115167086026,0.309518828095027
185,GY,T1F,GCA+SCA,0.244897540070332,0.329606379637055
185,GNP,T1F,GCA,0.23673017163492,0.31107775510502
185,GNP,T1F,GCA+SCA,0.17102178016048,0.243274224979345
186,DTA,T1F,GCA,0.721992449229379,0.764013173787703
186,DTA,T1F,GCA+SCA,0.624681672992637,0.684957974772629
186,PH,T1F,GCA,0.0542309600757482,0.0567269456859291
186,PH,T1F,GCA+SCA,0.0469416921191616,0.0484934835941752
186,TGW,T1F,GCA,0.606538161422175,0.65359715670493
186,TGW,T1F,GCA+SCA,0.429263271602382,0.50680433483162
186,GY,T1F,GCA,0.293701976602125,0.37702436020812
186,GY,T1F,GCA+SCA,0.261893583980708,0.352481270498933
186,GNP,T1F,GCA,0.253831894040222,0.333550452089648
186,GNP,T1F,GCA+SCA,0.148329493079596,0.210995011493024
187,DTA,T1F,GCA,0.618587007849505,0.654589426295773
187,DTA,T1F,GCA+SCA,0.564113936937973,0.618545983484619
187,PH,T1F,GCA,0.105496176607812,0.110351649171351
187,PH,T1F,GCA+SCA,0.110039493367277,0.113677162569501
187,TGW,T1F,GCA,0.684914124404036,0.738054013366418
187,TGW,T1F,GCA+SCA,0.403011192757722,0.475810144932375
187,GY,T1F,GCA,0.275373908346662,0.353496673102262
187,GY,T1F,GCA+SCA,0.258442569520934,0.347836567322927
187,GNP,T1F,GCA,0.167418335686329,0.219997812991233
187,GNP,T1F,GCA+SCA,0.150323407645825,0.213831305328343
188,DTA,T1F,GCA,0.60733197111048,0.642679334508445
188,DTA,T1F,GCA+SCA,0.53503213111847,0.586658038507094
188,PH,T1F,GCA,0.258991396210301,0.27091150231203
188,PH,T1F,GCA+SCA,0.206218347965315,0.213035483435243
188,TGW,T1F,GCA,0.613657840423864,0.661269224594681
188,TGW,T1F,GCA+SCA,0.259876914808147,0.306820442512571
188,GY,T1F,GCA,0.127309492506441,0.163426819648833
188,GY,T1F,GCA+SCA,0.133159572984366,0.179218806170076
188,GNP,T1F,GCA,0.203129771862771,0.266924798768425
188,GNP,T1F,GCA+SCA,0.156107237418472,0.22205865920124
189,DTA,T1F,GCA,0.59551181008945,0.630171227607883
189,DTA,T1F,GCA+SCA,0.542337316255251,0.594668109929003
189,PH,T1F,GCA,-0.000646646722629559,-0.000676408705679455
189,PH,T1F,GCA+SCA,0.0366136368036725,0.0378240049624716
189,TGW,T1F,GCA,0.533634126841915,0.575036774614133
189,TGW,T1F,GCA+SCA,0.393307353717266,0.464353428237622
189,GY,T1F,GCA,0.0244583702593373,0.0313971376884947
189,GY,T1F,GCA+SCA,0.0394928508173838,0.0531532312481613
189,GNP,T1F,GCA,0.103300122281808,0.135742604838118
189,GNP,T1F,GCA+SCA,0.11427174343194,0.162548710429502
190,DTA,T1F,GCA,0.580130558727842,0.613894771140574
190,DTA,T1F,GCA+SCA,0.517240414313665,0.567149577098317
190,PH,T1F,GCA,-0.10686810924107,-0.111786725147563
190,PH,T1F,GCA+SCA,-0.040751335886292,-0.0420984874858389
190,TGW,T1F,GCA,0.705515344805006,0.760253604315739
190,TGW,T1F,GCA+SCA,0.45333096256503,0.535219554386104
190,GY,T1F,GCA,-0.145553847347954,-0.186847044092367
190,GY,T1F,GCA+SCA,-0.146758690685412,-0.19752179096287
190,GNP,T1F,GCA,-0.0577732820355004,-0.0759175848035484
190,GNP,T1F,GCA+SCA,-0.0813090949628677,-0.115660163531817
191,DTA,T1F,GCA,0.605674925374282,0.640925846956912
191,DTA,T1F,GCA+SCA,0.596749260472473,0.654330329465431
191,PH,T1F,GCA,0.139852060942874,0.146288766676646
191,PH,T1F,GCA+SCA,0.132506949996307,0.136887345037507
191,TGW,T1F,GCA,0.665179995677051,0.716788788445098
191,TGW,T1F,GCA+SCA,0.496920543224492,0.586683049851821
191,GY,T1F,GCA,0.193294346041855,0.248131381311752
191,GY,T1F,GCA+SCA,0.116016626945939,0.156146200465598
191,GNP,T1F,GCA,0.156587037005734,0.205764831807798
191,GNP,T1F,GCA+SCA,0.0799315652525636,0.11370066181019
192,DTA,T1F,GCA,0.62794433332883,0.664491358019926
192,DTA,T1F,GCA+SCA,0.610523114656347,0.669433239754767
192,PH,T1F,GCA,-0.0628160483976939,-0.0657071635959141
192,PH,T1F,GCA+SCA,0.0329629324596258,0.0340526161772993
192,TGW,T1F,GCA,0.697262373577553,0.751360316355122
192,TGW,T1F,GCA+SCA,0.538564341501626,0.635849281583974
192,GY,T1F,GCA,0.213530414618642,0.274108362796716
192,GY,T1F,GCA+SCA,0.121753320284619,0.163867187462475
192,GNP,T1F,GCA,0.265173424862297,0.348453909148879
192,GNP,T1F,GCA+SCA,0.160244025017994,0.227943136583206
193,DTA,T1F,GCA,0.639625132841518,0.676851992424886
193,DTA,T1F,GCA+SCA,0.577846286592971,0.633603384422118
193,PH,T1F,GCA,0.184429724319908,0.192918121673544
193,PH,T1F,GCA+SCA,0.110075377909891,0.113714233377987
193,TGW,T1F,GCA,0.687813549094266,0.741178393420545
193,TGW,T1F,GCA+SCA,0.369610028510634,0.436375476399804
193,GY,T1F,GCA,0.0176319411453078,0.0226340707898688
193,GY,T1F,GCA+SCA,0.0195732888084568,0.0263435919360118
193,GNP,T1F,GCA,-0.00510079125524025,-0.00670274803579533
193,GNP,T1F,GCA+SCA,0.01707777178005,0.0242927052347796
194,DTA,T1F,GCA,0.66438780902979,0.703055882571207
194,DTA,T1F,GCA+SCA,0.614504887052697,0.673799218259537
194,PH,T1F,GCA,0.160022526973407,0.167387580516116
194,PH,T1F,GCA+SCA,0.132880434867849,0.137273176516373
194,TGW,T1F,GCA,0.618201418952914,0.666165322147536
194,TGW,T1F,GCA+SCA,0.422874769705054,0.49926182963997
194,GY,T1F,GCA,0.112886197337243,0.144911678224959
194,GY,T1F,GCA+SCA,0.11761881606305,0.158302578819717
194,GNP,T1F,GCA,0.0201892024790682,0.0265298324297874
194,GNP,T1F,GCA+SCA,0.031643184658591,0.0450116424731024
195,DTA,T1F,GCA,0.551986741298555,0.584112953755085
195,DTA,T1F,GCA+SCA,0.454776475330466,0.498658415932529
195,PH,T1F,GCA,0.129660086843894,0.135627705903655
195,PH,T1F,GCA+SCA,0.137846320733835,0.14240322389859
195,TGW,T1F,GCA,0.581680955852004,0.626811374840522
195,TGW,T1F,GCA+SCA,0.30383458404763,0.358718517175479
195,GY,T1F,GCA,0.0598700271553482,0.0768549770928732
195,GY,T1F,GCA+SCA,0.051799791764553,0.0697170817827093
195,GNP,T1F,GCA,0.0266294785033969,0.0349927444197068
195,GNP,T1F,GCA+SCA,0.0766303732074659,0.10900479830365
196,DTA,T1F,GCA,0.615136905975,0.65093852484127
196,DTA,T1F,GCA+SCA,0.578799919731693,0.634649034793523
196,PH,T1F,GCA,-0.0236403979122583,-0.0247284496990149
196,PH,T1F,GCA+SCA,0.00607295949159428,0.00627371848305194
196,TGW,T1F,GCA,0.719582622946788,0.775412309209901
196,TGW,T1F,GCA+SCA,0.477730186535874,0.564026194257231
196,GY,T1F,GCA,0.156175264259141,0.20048172562149
196,GY,T1F,GCA+SCA,0.144182927201536,0.194055083716737
196,GNP,T1F,GCA,0.240670687348391,0.31625583094401
196,GNP,T1F,GCA+SCA,0.124837090663519,0.177577653859914
197,DTA,T1F,GCA,0.553500854456719,0.58571518990129
197,DTA,T1F,GCA+SCA,0.493099563387202,0.5406793458193
197,PH,T1F,GCA,0.315299643291728,0.329811342355364
197,PH,T1F,GCA+SCA,0.258423180415687,0.266966095470751
197,TGW,T1F,GCA,0.65694861926885,0.707918770763846
197,TGW,T1F,GCA+SCA,0.356131044257984,0.420461681532449
197,GY,T1F,GCA,0.311119462051874,0.399383134854781
197,GY,T1F,GCA+SCA,0.270395173112888,0.363923516975624
197,GNP,T1F,GCA,0.177466660514414,0.233201919204223
197,GNP,T1F,GCA+SCA,0.163349486950191,0.232360578876516
198,DTA,T1F,GCA,0.616198343946999,0.652061739626454
198,DTA,T1F,GCA+SCA,0.555256185350622,0.608833536568665
198,PH,T1F,GCA,0.212291720781321,0.222062469436528
198,PH,T1F,GCA+SCA,0.182447877900527,0.188479212707156
198,TGW,T1F,GCA,0.528979220528235,0.570020711776115
198,TGW,T1F,GCA+SCA,0.269861271246708,0.318608348579348
198,GY,T1F,GCA,0.201474011434278,0.258631593625517
198,GY,T1F,GCA+SCA,0.155335380448906,0.209065115005256
198,GNP,T1F,GCA,0.267035035447944,0.350900177986786
198,GNP,T1F,GCA+SCA,0.132188214325381,0.188034444275079
199,DTA,T1F,GCA,0.531535098948107,0.562471004177891
199,DTA,T1F,GCA+SCA,0.478580573097613,0.52475940032633
199,PH,T1F,GCA,0.0261876783125017,0.0273929689461315
199,PH,T1F,GCA+SCA,0.062768461699613,0.0648434521690217
199,TGW,T1F,GCA,0.610059155566088,0.657391331428974
199,TGW,T1F,GCA+SCA,0.302646007512929,0.357315239094367
199,GY,T1F,GCA,0.195011283573222,0.250335408951505
199,GY,T1F,GCA+SCA,0.183909616048517,0.247523036404465
199,GNP,T1F,GCA,0.180232212908385,0.23683602221864
199,GNP,T1F,GCA+SCA,0.125948664434489,0.179158839878363
200,DTA,T1F,GCA,0.640579293388993,0.677861686125919
200,DTA,T1F,GCA+SCA,0.514582974231257,0.564235717358835
200,PH,T1F,GCA,0.223535786473247,0.233824044428083
200,PH,T1F,GCA+SCA,0.192826442828263,0.199200870690355
200,TGW,T1F,GCA,0.625211223510614,0.673718990851955
200,TGW,T1F,GCA+SCA,0.474051493965783,0.559682991695139
200,GY,T1F,GCA,0.299952245729106,0.385047812232486
200,GY,T1F,GCA+SCA,0.279639424503205,0.376365308887221
200,GNP,T1F,GCA,0.28250753813787,0.371231981784323
200,GNP,T1F,GCA+SCA,0.210522424037587,0.299462907592585
201,DTA,T1F,GCA,0.59168513593856,0.626121836972021
201,DTA,T1F,GCA+SCA,0.539897049706671,0.591992379064332
201,PH,T1F,GCA,-0.028883733412694,-0.0302131102643242
201,PH,T1F,GCA+SCA,0.0446396953419815,0.0461153877499809
201,TGW,T1F,GCA,0.698690710999076,0.752899473059349
201,TGW,T1F,GCA+SCA,0.290045591575305,0.342438714964941
201,GY,T1F,GCA,0.0826568278190968,0.106106325826825
201,GY,T1F,GCA+SCA,0.0912204211968042,0.122773110628269
201,GNP,T1F,GCA,0.0607007421982699,0.0797644444129696
201,GNP,T1F,GCA+SCA,0.058688798514548,0.0834833549282332
202,DTA,T1F,GCA,0.582140659220396,0.616021861608884
202,DTA,T1F,GCA+SCA,0.551559840286264,0.604780526629675
202,PH,T1F,GCA,0.077031034766934,0.0805763961997217
202,PH,T1F,GCA+SCA,0.124434055150237,0.128547577634542
202,TGW,T1F,GCA,0.627695409402949,0.676395915304902
202,TGW,T1F,GCA+SCA,0.411542476167768,0.485882498427117
202,GY,T1F,GCA,0.0822409053316683,0.105572407357726
202,GY,T1F,GCA+SCA,0.0183531804167775,0.0247014541275606
202,GNP,T1F,GCA,0.151322263313208,0.198846600937199
202,GNP,T1F,GCA+SCA,0.0660350745217709,0.0939332496753498
203,DTA,T1F,GCA,0.62976508245208,0.666418076668867
203,DTA,T1F,GCA+SCA,0.596575787076446,0.654140117408384
203,PH,T1F,GCA,-0.0703041214412514,-0.0735398759845726
203,PH,T1F,GCA+SCA,-0.0564975392301154,-0.058365226477392
203,TGW,T1F,GCA,0.681426607258874,0.734295912994476
203,TGW,T1F,GCA+SCA,0.417646130178502,0.493088701509447
203,GY,T1F,GCA,0.329617376343258,0.423128852815479
203,GY,T1F,GCA+SCA,0.311600102878076,0.419381026753804
203,GNP,T1F,GCA,0.321830467589462,0.422904688028202
203,GNP,T1F,GCA+SCA,0.243460558975321,0.346316584602164
204,DTA,T1F,GCA,0.607505123220038,0.642862564254008
204,DTA,T1F,GCA+SCA,0.54670823763319,0.599460786878498
204,PH,T1F,GCA,0.177182214996269,0.185337044975177
204,PH,T1F,GCA+SCA,0.182769956462343,0.188811938494156
204,TGW,T1F,GCA,0.707480676906986,0.762371419080804
204,TGW,T1F,GCA+SCA,0.378487213604595,0.446856214409203
204,GY,T1F,GCA,0.0767256000692264,0.0984924262762855
204,GY,T1F,GCA+SCA,0.0636563068024431,0.0856747063289948
204,GNP,T1F,GCA,0.00959955541503722,0.0126143960775785
204,GNP,T1F,GCA+SCA,0.0404030776982117,0.0574723722591916
205,DTA,T1F,GCA,0.648082937931149,0.685802050720792
205,DTA,T1F,GCA+SCA,0.616437353166222,0.675918150401559
205,PH,T1F,GCA,0.0758440631203847,0.0793347940589798
205,PH,T1F,GCA+SCA,0.0837369792268307,0.0865051438293705
205,TGW,T1F,GCA,0.607840008647407,0.655000009318327
205,TGW,T1F,GCA+SCA,0.459476779515725,0.54247553661833
205,GY,T1F,GCA,0.0814716937838386,0.104584972764876
205,GY,T1F,GCA+SCA,0.0227074900180319,0.0305618977362475
205,GNP,T1F,GCA,0.0235213474889438,0.0309084723902021
205,GNP,T1F,GCA+SCA,0.00819500148940336,0.011657185617928
206,DTA,T1F,GCA,0.67481448008857,0.714089396919122
206,DTA,T1F,GCA+SCA,0.629007562883427,0.689701275091476
206,PH,T1F,GCA,0.170518948215778,0.178367100644119
206,PH,T1F,GCA+SCA,0.171860583442043,0.177541925043433
206,TGW,T1F,GCA,0.679466920896024,0.732184182000026
206,TGW,T1F,GCA+SCA,0.491394643342382,0.580158964985102
206,GY,T1F,GCA,0.186113765758453,0.238913691602636
206,GY,T1F,GCA+SCA,0.14145016949652,0.190377078730175
206,GNP,T1F,GCA,0.196762195083855,0.258557417981413
206,GNP,T1F,GCA+SCA,0.0816123614341373,0.116091552537891
207,DTA,T1F,GCA,0.625630788425462,0.662043162354986
207,DTA,T1F,GCA+SCA,0.565887391482797,0.6204905608364
207,PH,T1F,GCA,0.0544036132388937,0.0569075452289683
207,PH,T1F,GCA+SCA,0.0396189937565443,0.0409287125584136
207,TGW,T1F,GCA,0.578040729205628,0.622888716816409
207,TGW,T1F,GCA+SCA,0.357513947933826,0.422094389532262
207,GY,T1F,GCA,0.172637615903637,0.221614397822384
207,GY,T1F,GCA+SCA,0.11449912500468,0.154103802159731
207,GNP,T1F,GCA,0.203766971327707,0.267762117382007
207,GNP,T1F,GCA+SCA,0.0454191972541762,0.0646076774597102
208,DTA,T1F,GCA,0.602010722747083,0.637048383859347
208,DTA,T1F,GCA+SCA,0.562326970834153,0.616586590826922
208,PH,T1F,GCA,-0.00250627370527843,-0.00262162521472639
208,PH,T1F,GCA+SCA,0.049540269762731,0.0511779646309205
208,TGW,T1F,GCA,0.640621736843093,0.690325147460229
208,TGW,T1F,GCA+SCA,0.460323863632552,0.543475635929813
208,GY,T1F,GCA,0.180244816775469,0.23137973912127
208,GY,T1F,GCA+SCA,0.161168639155346,0.216916068849725
208,GNP,T1F,GCA,0.128899106904661,0.169381218008754
208,GNP,T1F,GCA+SCA,0.0835339295790648,0.11882493538985
209,DTA,T1F,GCA,0.568815277090707,0.601920928138314
209,DTA,T1F,GCA+SCA,0.520703671982342,0.570947008752568
209,PH,T1F,GCA,0.131568086268206,0.137623521201053
209,PH,T1F,GCA+SCA,0.126978573745036,0.131176212546525
209,TGW,T1F,GCA,0.645125325465579,0.695178152441357
209,TGW,T1F,GCA+SCA,0.457776317966394,0.540467907870596
209,GY,T1F,GCA,0.279451222551854,0.358730709309183
209,GY,T1F,GCA+SCA,0.244608281502357,0.32921706797087
209,GNP,T1F,GCA,0.2911568602313,0.382597713838764
209,GNP,T1F,GCA+SCA,0.212244369016118,0.301912331459628
210,DTA,T1F,GCA,0.525794214864695,0.556395994565815
210,DTA,T1F,GCA+SCA,0.450139382654399,0.493573884489473
210,PH,T1F,GCA,0.208912286761547,0.218527496612497
210,PH,T1F,GCA+SCA,0.214673549034516,0.221770195283591
210,TGW,T1F,GCA,0.62437996365868,0.672823236701164
210,TGW,T1F,GCA+SCA,0.392368099004538,0.46324450886014
210,GY,T1F,GCA,0.172130931976423,0.220963969161006
210,GY,T1F,GCA+SCA,0.147176109732615,0.198083593179832
210,GNP,T1F,GCA,0.163855520664798,0.215316058692244
210,GNP,T1F,GCA+SCA,0.0857858831285772,0.122028283255444
211,DTA,T1F,GCA,0.632467597793061,0.669277881262498
211,DTA,T1F,GCA+SCA,0.590501902461263,0.647480156207525
211,PH,T1F,GCA,0.131939060005878,0.138011569043805
211,PH,T1F,GCA+SCA,0.145521660077675,0.150332293468672
211,TGW,T1F,GCA,0.613835070585196,0.661460205371979
211,TGW,T1F,GCA+SCA,0.425575388276991,0.502450281318761
211,GY,T1F,GCA,0.0918886556856122,0.11795719600207
211,GY,T1F,GCA+SCA,0.0357576770749351,0.048126079508661
211,GNP,T1F,GCA,0.0762455302133721,0.100191235497204
211,GNP,T1F,GCA+SCA,-0.0423714523915791,-0.0602723362611368
212,DTA,T1F,GCA,0.595293113710597,0.629939802868357
212,DTA,T1F,GCA+SCA,0.532487051566719,0.583867381103859
212,PH,T1F,GCA,0.0162884907765804,0.0170381702683895
212,PH,T1F,GCA+SCA,0.032245266658161,0.0333112258865299
212,TGW,T1F,GCA,0.610295507462658,0.657646020972692
212,TGW,T1F,GCA+SCA,0.307360512037609,0.362881360138853
212,GY,T1F,GCA,0.191190467458325,0.245430638585783
212,GY,T1F,GCA+SCA,0.169977022253433,0.228771227797353
212,GNP,T1F,GCA,0.23479372672633,0.308533149443272
212,GNP,T1F,GCA+SCA,0.136790037009765,0.194580422488997
213,DTA,T1F,GCA,0.545517227347633,0.577266907246173
213,DTA,T1F,GCA+SCA,0.479073046611586,0.525299393214459
213,PH,T1F,GCA,0.0142055974395936,0.0148594115476921
213,PH,T1F,GCA+SCA,0.0676941633955757,0.0699319869789005
213,TGW,T1F,GCA,0.702998614612484,0.757541610573798
213,TGW,T1F,GCA+SCA,0.526030841839093,0.621051761321244
213,GY,T1F,GCA,-0.0150727289129851,-0.0193488176033185
213,GY,T1F,GCA+SCA,-0.0124153393568249,-0.0167097434143
213,GNP,T1F,GCA,-0.0322980996243486,-0.0424416552225343
213,GNP,T1F,GCA+SCA,-0.0730403467327599,-0.103898075011038
214,DTA,T1F,GCA,0.688019921442648,0.728063408934019
214,DTA,T1F,GCA+SCA,0.659588727477107,0.723233253812617
214,PH,T1F,GCA,0.166876481840108,0.174556989372498
214,PH,T1F,GCA+SCA,0.18698081541849,0.193161999399267
214,TGW,T1F,GCA,0.68823662593034,0.741634295183556
214,TGW,T1F,GCA+SCA,0.391941206615287,0.462740503678024
214,GY,T1F,GCA,0.128660805396941,0.165161496016612
214,GNP,T1F,GCA,0.0891977729322213,0.117211265351145
214,GNP,T1F,GCA+SCA,0.0812130203333544,0.115523499762951
215,DTA,T1F,GCA,0.645732651897093,0.68331497555248
215,DTA,T1F,GCA+SCA,0.605324029525979,0.663732488515327
215,PH,T1F,GCA,-0.0090593147548256,-0.00947627066404351
215,PH,T1F,GCA+SCA,0.0182146033927956,0.0188167390421443
215,TGW,T1F,GCA,0.693080504073641,0.746853991458664
215,TGW,T1F,GCA+SCA,0.424709043980765,0.50142744271637
215,GY,T1F,GCA,0.186357561135744,0.239226651008657
215,GY,T1F,GCA+SCA,0.173417166796578,0.2334013012067
215,GNP,T1F,GCA,0.218356963812126,0.286934249424607
215,GNP,T1F,GCA+SCA,0.163027982292539,0.231903246504323
216,DTA,T1F,GCA,0.596956707260237,0.631700219323002
216,DTA,T1F,GCA+SCA,0.55259940094835,0.605920395776699
216,PH,T1F,GCA,0.208514663374882,0.218111572567868
216,PH,T1F,GCA+SCA,0.194464981015626,0.200893575429365
216,TGW,T1F,GCA,0.536123997230707,0.577719824602055
216,TGW,T1F,GCA+SCA,0.30805521997169,0.363701558408135
216,GY,T1F,GCA,0.0436506135157155,0.0560341636915475
216,GY,T1F,GCA+SCA,0.0389732909360957,0.0524539581912459
216,GNP,T1F,GCA,0.0317285317605705,0.0416932086209862
216,GNP,T1F,GCA+SCA,0.0730719108758025,0.10394297421878
217,DTA,T1F,GCA,0.668145487941941,0.707032262372424
217,DTA,T1F,GCA+SCA,0.563843931072829,0.618249924421962
217,PH,T1F,GCA,0.0477584040002955,0.049956489540058
217,PH,T1F,GCA+SCA,0.0706726690648018,0.0730089556454565
217,TGW,T1F,GCA,0.621660570844085,0.669892856513023
217,TGW,T1F,GCA+SCA,0.317353646534582,0.374679629910959
217,GY,T1F,GCA,0.00893962612979883,0.0114757716685479
217,GY,T1F,GCA+SCA,0.00915358178124231,0.0123197601362615
217,GNP,T1F,GCA,-0.00304494474781199,-0.00400124145573192
217,GNP,T1F,GCA+SCA,0.0246505975689496,0.0350648614067561
218,DTA,T1F,GCA,0.542791510164866,0.574382550439011
218,DTA,T1F,GCA+SCA,0.521157463306666,0.571444586959063
218,PH,T1F,GCA,0.000826956302474979,0.000865017052798095
218,PH,T1F,GCA+SCA,-0.0101236767994033,-0.0104583438010365
218,TGW,T1F,GCA,0.555044040659445,0.598107802434746
218,TGW,T1F,GCA+SCA,0.344049059559581,0.406197236788171
218,GY,T1F,GCA,0.0525515994441663,0.0674603330477103
218,GY,T1F,GCA+SCA,0.0153173434715486,0.020615536300873
218,GNP,T1F,GCA,0.090950800854786,0.119514850006289
218,GNP,T1F,GCA+SCA,0.019686421187415,0.0280034440788264
219,DTA,T1F,GCA,0.581569129420027,0.615417068169341
219,DTA,T1F,GCA+SCA,0.494441586694724,0.542150862603864
219,PH,T1F,GCA,-0.151603563937159,-0.15858113382548
219,PH,T1F,GCA+SCA,-0.0766535372941058,-0.0791875385269688
219,TGW,T1F,GCA,0.695733110518391,0.749712403575852
219,TGW,T1F,GCA+SCA,0.437118604609876,0.516078635903041
219,GY,T1F,GCA,0.0313487668429102,0.0402423194389091
219,GY,T1F,GCA+SCA,0.0178272891169466,0.0239936596459578
219,GNP,T1F,GCA,0.0240380551309023,0.031587457465049
219,GNP,T1F,GCA+SCA,0.0256469006328037,0.0364820777138033
220,DTA,T1F,GCA,0.679810971857136,0.719376689795911
220,DTA,T1F,GCA+SCA,0.582454499292408,0.638656249224131
220,PH,T1F,GCA,0.0972405224462477,0.101716027663439
220,PH,T1F,GCA+SCA,0.0764073054265734,0.0789331667629891
220,TGW,T1F,GCA,0.73438604172441,0.79136426909958
220,TGW,T1F,GCA+SCA,0.467058167780856,0.55142640824186
220,GY,T1F,GCA,0.0762347854396007,0.0978623689853667
220,GY,T1F,GCA+SCA,0.0824998861001933,0.111036185868362
220,GNP,T1F,GCA,0.0714249269088153,0.0938566713650661
220,GNP,T1F,GCA+SCA,0.086340190916066,0.122816772284589
221,DTA,T1F,GCA,0.624113396175296,0.660437456270155
221,DTA,T1F,GCA+SCA,0.561268641975534,0.615426142517033
221,PH,T1F,GCA,0.0372124682093596,0.038925175951213
221,PH,T1F,GCA+SCA,0.0298170720943247,0.0308027604280214
221,TGW,T1F,GCA,0.587225825732684,0.632786450142979
221,TGW,T1F,GCA+SCA,0.46480205424607,0.548762755898548
221,GY,T1F,GCA,0.0122298730078196,0.0156994518713987
221,GY,T1F,GCA+SCA,0.0252507370857271,0.0339848412997674
221,GNP,T1F,GCA,0.18433504662033,0.242227393719225
221,GNP,T1F,GCA+SCA,0.206998351254887,0.294450001785046
222,DTA,T1F,GCA,0.702441859067398,0.743324718589839
222,DTA,T1F,GCA+SCA,0.670676918586933,0.735391358099707
222,PH,T1F,GCA,0.127075524318214,0.132924188617378
222,PH,T1F,GCA+SCA,0.0989500086973026,0.102221083364982
222,TGW,T1F,GCA,0.619166191546511,0.667204947787188
222,TGW,T1F,GCA+SCA,0.377509154238514,0.44570148080108
222,GY,T1F,GCA,0.2424311621366,0.311208167055969
222,GY,T1F,GCA+SCA,0.235474717045016,0.316924249051166
222,GNP,T1F,GCA,0.196466458311713,0.258168801986482
222,GNP,T1F,GCA+SCA,0.189836298801438,0.270037409390382
